,Year,Country,Export Quantity,Feed,Food supply,Loss,Other uses(non-food),Processed,Residuals,Tourist consumption
0,2014,Afghanistan,0.0,0.0,64105.0,0.0,0.0,0.0,0.0,0.0
1,2014,Albania,0.0,0.0,15234.0,0.0,0.0,1900.0,0.0,0.0
2,2014,Algeria,0.0,0.0,237270.0,26363.0,0.0,0.0,0.0,0.0
3,2014,Angola,0.0,0.0,1045034.0,696689.0,0.0,1741723.0,0.0,0.0
4,2014,Antigua and Barbuda,0.0,0.0,855.0,101.0,0.0,0.0,0.0,54.0
5,2014,Argentina,0.0,0.0,545136.0,41032.0,0.0,0.0,0.0,0.0
6,2014,Armenia,0.0,0.0,4357.0,0.0,0.0,0.0,0.0,0.0
7,2014,Australia,44.0,0.0,229151.0,5093.0,0.0,20369.0,0.0,0.0
8,2014,Austria,20944.0,0.0,96104.0,6160.0,0.0,0.0,0.0,0.0
9,2014,Azerbaijan,0.0,0.0,7630.0,0.0,0.0,0.0,0.0,0.0
10,2014,Bahamas,0.0,0.0,9299.0,834.0,0.0,0.0,0.0,1311.0
11,2014,Bangladesh,75.0,0.0,693124.0,77022.0,0.0,0.0,0.0,0.0
12,2014,Barbados,0.0,0.0,3143.0,82.0,0.0,0.0,0.0,567.0
13,2014,Belarus,557.0,0.0,64563.0,1329.0,0.0,0.0,0.0,0.0
14,2014,Belgium,1284293.0,0.0,36319.0,0.0,0.0,0.0,0.0,0.0
15,2014,Belize,102786.0,0.0,0.0,1099.0,0.0,0.0,-1353.0,190.0
16,2014,Benin,0.0,0.0,18843.0,1645.0,0.0,0.0,0.0,0.0
17,2014,Bolivia (Plurinational State of),111103.0,35092.0,94619.0,42497.0,0.0,0.0,0.0,0.0
18,2014,Bosnia and Herzegovina,0.0,0.0,28040.0,3116.0,0.0,0.0,0.0,0.0
19,2014,Botswana,0.0,0.0,1518.0,0.0,0.0,0.0,0.0,9.0
20,2014,Brazil,83462.0,0.0,5827229.0,1043063.0,0.0,0.0,0.0,0.0
21,2014,Bulgaria,6683.0,0.0,29811.0,1921.0,0.0,0.0,0.0,0.0
22,2014,Burkina Faso,22.0,0.0,5892.0,0.0,0.0,0.0,0.0,0.0
23,2014,Cabo Verde,0.0,0.0,9500.0,882.0,0.0,0.0,0.0,152.0
24,2014,Cambodia,0.0,0.0,108681.0,12533.0,0.0,16613.0,0.0,613.0
25,2014,Cameroon,265270.0,0.0,691958.0,89413.0,20995.0,0.0,0.0,0.0
26,2014,Canada,41.0,0.0,544057.0,11104.0,0.0,0.0,0.0,0.0
27,2014,Central African Republic,40.0,0.0,61488.0,0.0,0.0,0.0,0.0,0.0
28,2014,Chad,0.0,0.0,1940.0,0.0,0.0,0.0,0.0,0.0
29,2014,Chile,8.0,0.0,164774.0,10518.0,0.0,0.0,0.0,0.0
30,2014,"China, Hong Kong SAR",12241.0,0.0,49553.0,6261.0,0.0,0.0,0.0,1516.0
31,2014,"China, Macao SAR",0.0,0.0,3611.0,0.0,0.0,0.0,0.0,0.0
32,2014,Colombia,1677935.0,173000.0,1351184.0,65349.0,0.0,0.0,0.0,0.0
33,2014,Comoros,0.0,0.0,43304.0,3951.0,0.0,0.0,0.0,-64.0
34,2014,Congo,0.0,0.0,75846.0,6932.0,0.0,0.0,0.0,0.0
35,2014,Costa Rica,2169723.0,179154.0,756.0,64586.0,0.0,1302.0,0.0,15.0
36,2014,Croatia,3181.0,0.0,48524.0,2721.0,0.0,0.0,0.0,0.0
37,2014,Cuba,0.0,10710.0,174216.0,17020.0,0.0,0.0,0.0,1279.0
38,2014,Cyprus,38.0,0.0,8945.0,1091.0,326.0,0.0,0.0,510.0
39,2014,Czechia,44801.0,0.0,85900.0,9336.0,0.0,0.0,0.0,0.0
40,2014,Côte d'Ivoire,326126.0,0.0,0.0,29548.0,0.0,2540.0,-5401.0,0.0
41,2014,Denmark,7012.0,0.0,75623.0,4349.0,0.0,0.0,0.0,0.0
42,2014,Djibouti,0.0,0.0,1307.0,69.0,0.0,0.0,0.0,0.0
43,2014,Dominica,600.0,1809.0,4429.0,11299.0,0.0,0.0,0.0,5260.0
44,2014,Dominican Republic,500000.0,0.0,357026.0,93450.0,0.0,160482.0,0.0,4883.0
45,2014,Ecuador,5746340.0,0.0,369390.0,35858.0,0.0,604665.0,0.0,0.0
46,2014,Egypt,0.0,0.0,1199427.0,107503.0,0.0,0.0,0.0,2814.0
47,2014,El Salvador,0.0,3640.0,58157.0,10913.0,0.0,47.0,0.0,0.0
48,2014,Estonia,60.0,0.0,14077.0,0.0,0.0,0.0,0.0,0.0
49,2014,Eswatini,2365.0,0.0,5677.0,519.0,0.0,0.0,0.0,0.0
50,2014,Ethiopia,12738.0,0.0,422219.0,43296.0,0.0,0.0,0.0,0.0
51,2014,Fiji,10.0,0.0,4310.0,421.0,28.0,0.0,0.0,253.0
52,2014,Finland,450.0,0.0,80065.0,4283.0,0.0,854.0,0.0,0.0
53,2014,France,306525.0,0.0,260040.0,29819.0,0.0,0.0,0.0,0.0
54,2014,French Polynesia,0.0,0.0,187.0,18.0,0.0,0.0,0.0,6.0
55,2014,Gabon,20.0,0.0,15715.0,1748.0,0.0,0.0,0.0,0.0
56,2014,Gambia,0.0,0.0,0.0,0.0,0.0,0.0,0.0,0.0
57,2014,Georgia,129.0,0.0,32209.0,0.0,0.0,0.0,0.0,0.0
58,2014,Germany,368031.0,0.0,968400.0,52039.0,0.0,0.0,0.0,0.0
59,2014,Ghana,48453.0,0.0,31724.0,7328.0,0.0,0.0,0.0,0.0
60,2014,Greece,30452.0,0.0,99152.0,278.0,10967.0,0.0,0.0,0.0
61,2014,Grenada,0.0,556.0,1575.0,458.0,0.0,0.0,0.0,196.0
62,2014,Guatemala,2063650.0,224684.0,70171.0,1058224.0,0.0,19298.0,0.0,46.0
63,2014,Guinea,0.0,0.0,161536.0,49163.0,0.0,0.0,0.0,0.0
64,2014,Guinea-Bissau,0.0,0.0,7657.0,700.0,0.0,0.0,0.0,0.0
65,2014,Guyana,0.0,0.0,10069.0,1777.0,0.0,0.0,0.0,0.0
66,2014,Haiti,0.0,0.0,207375.0,69125.0,0.0,0.0,0.0,0.0
67,2014,Honduras,635645.0,0.0,29016.0,30000.0,0.0,0.0,0.0,334.0
68,2014,Hungary,3415.0,0.0,34258.0,1983.0,0.0,0.0,0.0,0.0
69,2014,Iceland,7.0,0.0,3549.0,72.0,0.0,0.0,0.0,-34.0
70,2014,India,54496.0,0.0,23725148.0,5944911.0,0.0,0.0,0.0,0.0
71,2014,Indonesia,167.0,0.0,6012722.0,574730.0,0.0,274546.0,0.0,946.0
72,2014,Iran (Islamic Republic of),0.0,0.0,716894.0,10684.0,0.0,0.0,0.0,0.0
73,2014,Iraq,0.0,0.0,111210.0,12357.0,0.0,0.0,0.0,0.0
74,2014,Ireland,492.0,0.0,45615.0,3665.0,0.0,23522.0,0.0,0.0
75,2014,Israel,0.0,0.0,117613.0,3113.0,5582.0,578.0,0.0,0.0
76,2014,Italy,50648.0,0.0,640470.0,27.0,0.0,0.0,0.0,0.0
77,2014,Jamaica,0.0,668.0,45791.0,4320.0,0.0,0.0,0.0,803.0
78,2014,Japan,14.0,0.0,785626.0,160914.0,0.0,0.0,0.0,0.0
79,2014,Jordan,22.0,0.0,44337.0,3140.0,0.0,0.0,0.0,0.0
80,2014,Kazakhstan,33.0,0.0,46121.0,0.0,0.0,0.0,0.0,0.0
81,2014,Kenya,1.0,0.0,1397441.0,246698.0,0.0,0.0,0.0,515.0
82,2014,Kiribati,0.0,0.0,6136.0,609.0,0.0,0.0,0.0,676.0
83,2014,Kuwait,77458.0,0.0,62381.0,0.0,0.0,0.0,0.0,0.0
84,2014,Kyrgyzstan,0.0,0.0,2540.0,0.0,0.0,0.0,0.0,0.0
85,2014,Lao People's Democratic Republic,50344.0,0.0,431455.0,25429.0,0.0,0.0,0.0,1352.0
86,2014,Latvia,16997.0,0.0,12748.0,0.0,0.0,0.0,0.0,0.0
87,2014,Lebanon,27634.0,0.0,107504.0,15015.0,0.0,0.0,0.0,0.0
88,2014,Lesotho,0.0,0.0,353.0,0.0,0.0,0.0,0.0,0.0
89,2014,Liberia,0.0,0.0,122047.0,11156.0,0.0,0.0,0.0,0.0
90,2014,Lithuania,8685.0,0.0,23571.0,0.0,0.0,1709.0,0.0,0.0
91,2014,Luxembourg,168.0,0.0,4221.0,231.0,0.0,0.0,0.0,0.0
92,2014,Madagascar,25.0,0.0,328574.0,30035.0,0.0,0.0,0.0,0.0
93,2014,Malawi,0.0,0.0,361363.0,35969.0,0.0,0.0,0.0,0.0
94,2014,Malaysia,20895.0,0.0,247421.0,56260.0,0.0,0.0,0.0,0.0
95,2014,Maldives,0.0,0.0,1360.0,164.0,0.0,0.0,0.0,113.0
96,2014,Mali,0.0,0.0,143386.0,11420.0,0.0,0.0,0.0,0.0
97,2014,Malta,0.0,0.0,4747.0,258.0,0.0,0.0,0.0,155.0
98,2014,Mauritania,0.0,0.0,3977.0,0.0,0.0,0.0,0.0,0.0
99,2014,Mauritius,0.0,0.0,7793.0,266.0,550.0,0.0,0.0,223.0
100,2014,Mexico,386161.0,0.0,1583934.0,180103.0,0.0,479.0,0.0,0.0
101,2014,Mongolia,0.0,0.0,2224.0,0.0,0.0,0.0,0.0,0.0
102,2014,Montenegro,0.0,0.0,9844.0,0.0,0.0,0.0,0.0,0.0
103,2014,Morocco,150.0,0.0,333103.0,28682.0,0.0,0.0,0.0,0.0
104,2014,Mozambique,144698.0,0.0,401570.0,28751.0,0.0,0.0,0.0,0.0
105,2014,Myanmar,2340.0,0.0,0.0,0.0,0.0,0.0,0.0,0.0
106,2014,Namibia,1.0,0.0,3272.0,0.0,0.0,0.0,0.0,0.0
107,2014,Nepal,12.0,0.0,215040.0,17440.0,0.0,0.0,0.0,66.0
108,2014,Netherlands,306141.0,0.0,124653.0,4481.0,0.0,12778.0,0.0,0.0
109,2014,New Caledonia,0.0,50.0,808.0,84.0,0.0,0.0,57.0,10.0
110,2014,New Zealand,40.0,0.0,39135.0,7391.0,0.0,27343.0,0.0,0.0
111,2014,Nicaragua,64786.0,0.0,0.0,5053.0,0.0,0.0,-5588.0,0.0
112,2014,Niger,0.0,0.0,4883.0,0.0,0.0,0.0,0.0,0.0
113,2014,Nigeria,74.0,0.0,0.0,0.0,0.0,0.0,0.0,0.0
114,2014,North Macedonia,1.0,0.0,0.0,0.0,0.0,0.0,0.0,0.0
115,2014,Norway,0.0,0.0,80341.0,4228.0,0.0,0.0,0.0,0.0
116,2014,Oman,0.0,0.0,14547.0,3637.0,0.0,0.0,0.0,0.0
117,2014,Pakistan,43249.0,0.0,66729.0,10751.0,0.0,0.0,0.0,0.0
118,2014,Panama,255961.0,12598.0,42331.0,8063.0,0.0,0.0,2.0,0.0
119,2014,Papua New Guinea,0.0,104145.0,1100000.0,110063.0,0.0,0.0,0.0,0.0
120,2014,Paraguay,21937.0,6850.0,23907.0,17565.0,0.0,0.0,0.0,0.0
121,2014,Peru,159577.0,0.0,66019.0,14400.0,0.0,3.0,0.0,0.0
122,2014,Philippines,3114785.0,166691.0,1947645.0,477959.0,0.0,0.0,0.0,0.0
123,2014,Poland,19722.0,0.0,90252.0,30541.0,0.0,164893.0,0.0,0.0
124,2014,Portugal,5838.0,0.0,129023.0,15342.0,0.0,3219.0,0.0,0.0
125,2014,Republic of Korea,544.0,0.0,340624.0,17956.0,0.0,0.0,0.0,0.0
126,2014,Republic of Moldova,0.0,0.0,7136.0,0.0,0.0,2624.0,0.0,0.0
127,2014,Romania,275.0,0.0,60178.0,3182.0,0.0,0.0,0.0,0.0
128,2014,Russian Federation,34119.0,0.0,1240524.0,0.0,0.0,0.0,0.0,0.0
129,2014,Rwanda,1.0,0.0,797386.0,241819.0,0.0,0.0,0.0,0.0
130,2014,Saint Kitts and Nevis,0.0,0.0,0.0,0.0,0.0,0.0,0.0,0.0
131,2014,Saint Lucia,11101.0,1346.0,2432.0,551.0,0.0,0.0,0.0,147.0
132,2014,Saint Vincent and the Grenadines,0.0,53045.0,3552.0,5175.0,0.0,0.0,0.0,20.0
133,2014,Samoa,10.0,3416.0,15172.0,1908.0,0.0,0.0,0.0,2277.0
134,2014,Sao Tome and Principe,0.0,0.0,5834.0,1100.0,0.0,0.0,0.0,-134.0
135,2014,Saudi Arabia,5917.0,0.0,193718.0,6174.0,0.0,0.0,0.0,0.0
136,2014,Senegal,10.0,0.0,48153.0,2979.0,0.0,0.0,0.0,0.0
137,2014,Serbia,59.0,0.0,45890.0,0.0,0.0,0.0,0.0,0.0
138,2014,Seychelles,0.0,0.0,1684.0,166.0,0.0,0.0,0.0,133.0
139,2014,Slovakia,15748.0,0.0,31276.0,2545.0,0.0,1334.0,0.0,0.0
140,2014,Slovenia,25730.0,0.0,26639.0,5819.0,0.0,0.0,0.0,0.0
141,2014,Solomon Islands,0.0,0.0,287.0,26.0,0.0,0.0,0.0,0.0
142,2014,South Africa,7540.0,0.0,419074.0,38269.0,0.0,0.0,0.0,0.0
143,2014,Spain,98928.0,0.0,240101.0,81135.0,0.0,203952.0,0.0,0.0
144,2014,Sri Lanka,2.0,0.0,0.0,0.0,0.0,0.0,0.0,0.0
145,2014,Sudan,96.0,0.0,700000.0,77889.0,0.0,0.0,131015.0,0.0
146,2014,Suriname,72593.0,522.0,2359.0,1540.0,0.0,0.0,0.0,0.0
147,2014,Sweden,35725.0,0.0,78260.0,9894.0,0.0,74000.0,0.0,0.0
148,2014,Switzerland,7.0,0.0,82931.0,1170.0,0.0,0.0,0.0,0.0
149,2014,Tajikistan,0.0,0.0,1804.0,0.0,0.0,0.0,0.0,0.0
150,2014,Thailand,31509.0,0.0,835338.0,117097.0,0.0,424084.0,0.0,0.0
151,2014,Timor-Leste,0.0,0.0,412.0,38.0,0.0,0.0,0.0,0.0
152,2014,Togo,99.0,0.0,19789.0,4972.0,0.0,0.0,0.0,0.0
153,2014,Trinidad and Tobago,0.0,0.0,9751.0,1089.0,0.0,0.0,0.0,49.0
154,2014,Tunisia,758.0,0.0,33122.0,2550.0,0.0,0.0,0.0,0.0
155,2014,Turkey,10.0,0.0,376500.0,45916.0,0.0,36739.0,0.0,0.0
156,2014,Uganda,270.0,0.0,533003.0,23755.0,0.0,0.0,0.0,0.0
157,2014,Ukraine,5.0,0.0,215104.0,0.0,0.0,0.0,0.0,0.0
158,2014,United Arab Emirates,3042.0,0.0,108353.0,6193.0,0.0,0.0,0.0,6271.0
159,2014,United Republic of Tanzania,54.0,0.0,2234346.0,638407.0,0.0,319227.0,0.0,0.0
160,2014,United States of America,561408.0,0.0,3711551.0,229365.0,0.0,84976.0,0.0,0.0
161,2014,Uruguay,1.0,0.0,39545.0,6979.0,0.0,0.0,0.0,0.0
162,2014,Uzbekistan,0.0,0.0,3427.0,0.0,0.0,0.0,0.0,0.0
163,2014,Vanuatu,0.0,0.0,14003.0,483.0,0.0,0.0,0.0,1610.0
164,2014,Venezuela (Bolivarian Republic of),164.0,0.0,412155.0,74436.0,0.0,0.0,0.0,0.0
165,2014,Viet Nam,12329.0,0.0,1680165.0,168170.0,0.0,0.0,0.0,0.0
166,2014,Yemen,31949.0,0.0,82619.0,10472.0,0.0,0.0,0.0,0.0
167,2014,Zambia,0.0,0.0,2539.0,282.0,0.0,0.0,0.0,0.0
168,2014,Zimbabwe,48.0,0.0,140760.0,9201.0,0.0,0.0,0.0,0.0
169,2015,Afghanistan,2.0,0.0,142516.0,0.0,0.0,0.0,0.0,0.0
170,2015,Albania,0.0,0.0,18086.0,0.0,0.0,2224.0,0.0,0.0
171,2015,Algeria,0.0,0.0,221378.0,24598.0,0.0,0.0,0.0,0.0
172,2015,Angola,0.0,0.0,1078597.0,719064.0,0.0,1797661.0,0.0,0.0
173,2015,Antigua and Barbuda,0.0,0.0,1172.0,136.0,0.0,0.0,0.0,50.0
174,2015,Argentina,0.0,0.0,559719.0,42129.0,0.0,0.0,0.0,0.0
175,2015,Armenia,0.0,0.0,10718.0,0.0,0.0,0.0,0.0,0.0
176,2015,Australia,5.0,0.0,227026.0,5045.0,0.0,20180.0,0.0,0.0
177,2015,Austria,21503.0,0.0,100085.0,6399.0,0.0,0.0,0.0,0.0
178,2015,Azerbaijan,0.0,0.0,20344.0,0.0,0.0,0.0,0.0,0.0
179,2015,Bahamas,0.0,0.0,8981.0,812.0,0.0,0.0,0.0,1267.0
180,2015,Bangladesh,0.0,0.0,699684.0,77743.0,0.0,0.0,0.0,0.0
181,2015,Barbados,0.0,0.0,3466.0,83.0,0.0,0.0,0.0,617.0
182,2015,Belarus,98.0,0.0,70417.0,1439.0,0.0,0.0,0.0,0.0
183,2015,Belgium,1128949.0,0.0,90548.0,0.0,0.0,0.0,0.0,0.0
184,2015,Belize,98846.0,0.0,0.0,1058.0,0.0,0.0,-1233.0,176.0
185,2015,Benin,0.0,0.0,18468.0,1672.0,0.0,0.0,0.0,0.0
186,2015,Bolivia (Plurinational State of),123860.0,34308.0,90220.0,43833.0,0.0,0.0,0.0,0.0
187,2015,Bosnia and Herzegovina,0.0,0.0,36096.0,4011.0,0.0,0.0,0.0,0.0
188,2015,Botswana,0.0,0.0,1962.0,0.0,0.0,0.0,0.0,-2.0
189,2015,Brazil,80275.0,0.0,5750080.0,1028886.0,0.0,0.0,0.0,0.0
190,2015,Bulgaria,6968.0,0.0,24551.0,1659.0,0.0,0.0,0.0,0.0
191,2015,Burkina Faso,3.0,0.0,321.0,0.0,0.0,0.0,0.0,0.0
192,2015,Cabo Verde,0.0,0.0,9266.0,863.0,0.0,0.0,0.0,172.0
193,2015,Cambodia,0.0,0.0,113178.0,13070.0,0.0,17324.0,0.0,799.0
194,2015,Cameroon,282513.0,0.0,687660.0,90683.0,21944.0,0.0,0.0,0.0
195,2015,Canada,60.0,0.0,550917.0,11244.0,0.0,0.0,0.0,0.0
196,2015,Central African Republic,0.0,0.0,132001.0,0.0,0.0,0.0,0.0,0.0
197,2015,Chad,0.0,0.0,1180.0,0.0,0.0,0.0,0.0,0.0
198,2015,Chile,0.0,0.0,187320.0,11957.0,0.0,0.0,0.0,0.0
199,2015,"China, Hong Kong SAR",6781.0,0.0,53867.0,6159.0,0.0,0.0,0.0,1630.0
200,2015,"China, Macao SAR",0.0,0.0,3784.0,0.0,0.0,0.0,0.0,0.0
201,2015,Colombia,1588618.0,196000.0,1852215.0,74221.0,0.0,0.0,0.0,0.0
202,2015,Comoros,0.0,0.0,42524.0,3879.0,0.0,0.0,0.0,-76.0
203,2015,Congo,1.0,0.0,76028.0,6949.0,0.0,0.0,0.0,0.0
204,2015,Costa Rica,1973719.0,216160.0,1175.0,60207.0,0.0,1500.0,0.0,14.0
205,2015,Croatia,3559.0,0.0,49628.0,2799.0,0.0,0.0,0.0,0.0
206,2015,Cuba,17.0,13702.0,199649.0,19637.0,0.0,0.0,0.0,1466.0
207,2015,Cyprus,281.0,0.0,9086.0,1073.0,314.0,0.0,-558.0,538.0
208,2015,Czechia,59218.0,0.0,89846.0,10647.0,0.0,0.0,0.0,0.0
209,2015,Côte d'Ivoire,305204.0,0.0,24158.0,30462.0,0.0,3908.0,0.0,0.0
210,2015,Denmark,7893.0,0.0,74798.0,4352.0,0.0,0.0,0.0,0.0
211,2015,Djibouti,0.0,0.0,1311.0,69.0,0.0,0.0,0.0,0.0
212,2015,Dominica,937.0,1866.0,4408.0,11796.0,0.0,0.0,0.0,5419.0
213,2015,Dominican Republic,138317.0,0.0,547301.0,94643.0,0.0,344595.0,0.0,5234.0
214,2015,Ecuador,6070352.0,0.0,355957.0,38184.0,0.0,729939.0,0.0,0.0
215,2015,Egypt,0.0,0.0,1262363.0,110060.0,0.0,0.0,0.0,2395.0
216,2015,El Salvador,0.0,3869.0,61794.0,11599.0,0.0,66.0,0.0,0.0
217,2015,Estonia,2.0,0.0,17600.0,0.0,0.0,0.0,0.0,0.0
218,2015,Eswatini,5818.0,0.0,2852.0,545.0,0.0,0.0,0.0,0.0
219,2015,Ethiopia,11560.0,0.0,429683.0,43921.0,0.0,0.0,0.0,0.0
220,2015,Fiji,12.0,0.0,4525.0,442.0,27.0,0.0,0.0,268.0
221,2015,Finland,2011.0,0.0,93752.0,5093.0,0.0,1001.0,0.0,0.0
222,2015,France,286642.0,0.0,264176.0,28990.0,0.0,0.0,0.0,0.0
223,2015,French Polynesia,0.0,0.0,186.0,17.0,0.0,0.0,0.0,6.0
224,2015,Gabon,0.0,0.0,16248.0,1805.0,0.0,0.0,0.0,0.0
225,2015,Gambia,0.0,0.0,0.0,0.0,0.0,0.0,0.0,0.0
226,2015,Georgia,179.0,0.0,15806.0,0.0,0.0,0.0,0.0,0.0
227,2015,Germany,370142.0,0.0,966397.0,52043.0,0.0,0.0,0.0,0.0
228,2015,Ghana,51126.0,0.0,29051.0,7328.0,0.0,0.0,0.0,0.0
229,2015,Greece,23117.0,0.0,106106.0,268.0,11767.0,0.0,0.0,0.0
230,2015,Grenada,0.0,373.0,1409.0,384.0,0.0,0.0,0.0,169.0
231,2015,Guatemala,2151601.0,370270.0,89350.0,1172965.0,0.0,24321.0,0.0,133.0
232,2015,Guinea,0.0,0.0,169977.0,51732.0,0.0,0.0,0.0,0.0
233,2015,Guinea-Bissau,0.0,0.0,7402.0,677.0,0.0,0.0,0.0,0.0
234,2015,Guyana,0.0,0.0,10069.0,1777.0,0.0,0.0,0.0,0.0
235,2015,Haiti,0.0,0.0,208715.0,69572.0,0.0,0.0,0.0,0.0
236,2015,Honduras,691540.0,0.0,45659.0,40941.0,0.0,0.0,0.0,362.0
237,2015,Hungary,1085.0,0.0,38109.0,2063.0,0.0,0.0,0.0,0.0
238,2015,Iceland,6.0,0.0,3624.0,73.0,0.0,0.0,0.0,-37.0
239,2015,India,80189.0,0.0,23296611.0,5844200.0,0.0,0.0,0.0,0.0
240,2015,Indonesia,2526.0,0.0,8317071.0,795281.0,0.0,379758.0,0.0,1422.0
241,2015,Iran (Islamic Republic of),0.0,0.0,709463.0,10880.0,0.0,0.0,0.0,0.0
242,2015,Iraq,0.0,0.0,78762.0,8751.0,0.0,0.0,0.0,0.0
243,2015,Ireland,2044.0,0.0,51840.0,3942.0,0.0,21020.0,0.0,0.0
244,2015,Israel,0.0,0.0,106450.0,2797.0,4305.0,456.0,0.0,0.0
245,2015,Italy,31697.0,0.0,647989.0,27.0,0.0,0.0,0.0,0.0
246,2015,Jamaica,1.0,744.0,48658.0,4590.0,0.0,0.0,0.0,816.0
247,2015,Japan,0.0,0.0,796051.0,163047.0,0.0,0.0,0.0,0.0
248,2015,Jordan,24.0,0.0,49302.0,3922.0,0.0,0.0,0.0,0.0
249,2015,Kazakhstan,42.0,0.0,47993.0,0.0,0.0,0.0,0.0,0.0
250,2015,Kenya,1.0,0.0,1096866.0,193658.0,0.0,0.0,0.0,529.0
251,2015,Kiribati,0.0,0.0,6328.0,638.0,0.0,0.0,0.0,706.0
252,2015,Kuwait,85379.0,0.0,46628.0,0.0,0.0,0.0,0.0,0.0
253,2015,Kyrgyzstan,32.0,0.0,8741.0,0.0,0.0,0.0,0.0,0.0
254,2015,Lao People's Democratic Republic,75196.0,0.0,672309.0,39464.0,0.0,0.0,0.0,2304.0
255,2015,Latvia,21955.0,0.0,14749.0,0.0,0.0,0.0,0.0,0.0
256,2015,Lebanon,19801.0,0.0,115569.0,15041.0,0.0,0.0,0.0,0.0
257,2015,Lesotho,13.0,0.0,402.0,0.0,0.0,0.0,0.0,0.0
258,2015,Liberia,0.0,0.0,124690.0,11397.0,0.0,0.0,0.0,0.0
259,2015,Lithuania,14261.0,0.0,25991.0,0.0,0.0,1742.0,0.0,0.0
260,2015,Luxembourg,191.0,0.0,4136.0,228.0,0.0,0.0,0.0,0.0
261,2015,Madagascar,107.0,0.0,340282.0,31113.0,0.0,0.0,0.0,0.0
262,2015,Malawi,0.0,0.0,388053.0,38622.0,0.0,0.0,0.0,0.0
263,2015,Malaysia,22305.0,0.0,255005.0,58146.0,0.0,0.0,0.0,0.0
264,2015,Maldives,0.0,0.0,1387.0,167.0,0.0,0.0,0.0,115.0
265,2015,Mali,0.0,0.0,144280.0,12845.0,0.0,0.0,0.0,0.0
266,2015,Malta,0.0,0.0,5939.0,323.0,0.0,0.0,0.0,194.0
267,2015,Mauritania,0.0,0.0,6828.0,0.0,0.0,0.0,0.0,0.0
268,2015,Mauritius,0.0,0.0,7135.0,240.0,374.0,0.0,0.0,216.0
269,2015,Mexico,416801.0,0.0,1655268.0,189442.0,0.0,613.0,0.0,0.0
270,2015,Mongolia,0.0,0.0,2045.0,0.0,0.0,0.0,0.0,0.0
271,2015,Montenegro,0.0,0.0,10057.0,0.0,0.0,0.0,0.0,0.0
272,2015,Morocco,0.0,0.0,322560.0,28051.0,0.0,0.0,0.0,0.0
273,2015,Mozambique,118849.0,0.0,517678.0,33501.0,0.0,0.0,0.0,0.0
274,2015,Myanmar,11442.0,0.0,0.0,0.0,0.0,0.0,0.0,0.0
275,2015,Namibia,0.0,0.0,3607.0,0.0,0.0,0.0,0.0,0.0
276,2015,Nepal,1.0,0.0,233650.0,19624.0,0.0,0.0,0.0,74.0
277,2015,Netherlands,440450.0,0.0,207433.0,6774.0,0.0,22764.0,0.0,0.0
278,2015,New Caledonia,0.0,108.0,1727.0,181.0,0.0,0.0,133.0,10.0
279,2015,New Zealand,13.0,0.0,51970.0,8445.0,0.0,24026.0,0.0,0.0
280,2015,Nicaragua,77125.0,0.0,0.0,6564.0,0.0,0.0,-2946.0,0.0
281,2015,Niger,0.0,0.0,1546.0,0.0,0.0,0.0,0.0,0.0
282,2015,Nigeria,31.0,0.0,0.0,0.0,0.0,0.0,0.0,0.0
283,2015,North Macedonia,0.0,0.0,0.0,0.0,0.0,0.0,0.0,0.0
284,2015,Norway,0.0,0.0,80382.0,4231.0,0.0,0.0,0.0,0.0
285,2015,Oman,0.0,0.0,13262.0,3316.0,0.0,0.0,0.0,0.0
286,2015,Pakistan,53488.0,0.0,53907.0,10686.0,0.0,0.0,0.0,0.0
287,2015,Panama,267936.0,13188.0,44313.0,8441.0,0.0,0.0,1.0,0.0
288,2015,Papua New Guinea,0.0,112819.0,1120000.0,104981.0,0.0,0.0,-84260.0,0.0
289,2015,Paraguay,32694.0,3762.0,16264.0,17574.0,0.0,0.0,0.0,0.0
290,2015,Peru,191192.0,0.0,62624.0,16200.0,0.0,4.0,0.0,0.0
291,2015,Philippines,1223133.0,332043.0,3795890.0,489102.0,0.0,0.0,0.0,0.0
292,2015,Poland,22109.0,0.0,89490.0,31900.0,0.0,175501.0,0.0,0.0
293,2015,Portugal,6479.0,0.0,146058.0,17346.0,0.0,3581.0,0.0,0.0
294,2015,Republic of Korea,377.0,0.0,344916.0,18173.0,0.0,0.0,0.0,0.0
295,2015,Republic of Moldova,0.0,0.0,7375.0,0.0,0.0,2818.0,0.0,0.0
296,2015,Romania,19.0,0.0,78166.0,4115.0,0.0,0.0,0.0,0.0
297,2015,Russian Federation,27343.0,0.0,1199167.0,0.0,0.0,0.0,0.0,0.0
298,2015,Rwanda,5.0,0.0,847683.0,249616.0,0.0,0.0,0.0,0.0
299,2015,Saint Kitts and Nevis,0.0,0.0,7.0,0.0,0.0,0.0,0.0,0.0
300,2015,Saint Lucia,14165.0,1323.0,2252.0,812.0,0.0,0.0,0.0,146.0
301,2015,Saint Vincent and the Grenadines,3136.0,47548.0,3110.0,4919.0,0.0,0.0,0.0,19.0
302,2015,Samoa,7.0,3250.0,14436.0,1815.0,0.0,0.0,0.0,2167.0
303,2015,Sao Tome and Principe,0.0,0.0,5846.0,1100.0,0.0,0.0,0.0,-146.0
304,2015,Saudi Arabia,6860.0,0.0,217992.0,6954.0,0.0,0.0,0.0,0.0
305,2015,Senegal,0.0,0.0,34883.0,3057.0,0.0,0.0,0.0,0.0
306,2015,Serbia,130.0,0.0,49050.0,0.0,0.0,0.0,0.0,0.0
307,2015,Seychelles,0.0,0.0,1666.0,166.0,0.0,0.0,0.0,154.0
308,2015,Slovakia,17058.0,0.0,43318.0,3280.0,0.0,1941.0,0.0,0.0
309,2015,Slovenia,38772.0,0.0,26093.0,7207.0,0.0,0.0,0.0,0.0
310,2015,Solomon Islands,0.0,0.0,287.0,26.0,0.0,0.0,0.0,0.0
311,2015,South Africa,7959.0,0.0,415144.0,36452.0,0.0,0.0,0.0,0.0
312,2015,Spain,73362.0,0.0,296742.0,79927.0,0.0,164795.0,0.0,0.0
313,2015,Sri Lanka,21.0,0.0,0.0,0.0,0.0,0.0,0.0,0.0
314,2015,Sudan,0.0,0.0,710000.0,77975.0,0.0,0.0,122025.0,0.0
315,2015,Suriname,63674.0,788.0,3150.0,1380.0,0.0,0.0,0.0,0.0
316,2015,Sweden,37611.0,0.0,76886.0,10289.0,0.0,81000.0,0.0,0.0
317,2015,Switzerland,0.0,0.0,85955.0,1213.0,0.0,0.0,0.0,0.0
318,2015,Tajikistan,0.0,0.0,1169.0,0.0,0.0,0.0,0.0,0.0
319,2015,Thailand,33838.0,0.0,616644.0,86474.0,0.0,309911.0,0.0,0.0
320,2015,Timor-Leste,0.0,0.0,477.0,44.0,0.0,0.0,0.0,0.0
321,2015,Togo,0.0,0.0,19696.0,4924.0,0.0,0.0,0.0,0.0
322,2015,Trinidad and Tobago,24.0,0.0,11153.0,1246.0,0.0,0.0,0.0,39.0
323,2015,Tunisia,20.0,0.0,55897.0,4209.0,0.0,0.0,0.0,0.0
324,2015,Turkey,12.0,0.0,400522.0,48905.0,0.0,39609.0,0.0,0.0
325,2015,Uganda,1023.0,0.0,530468.0,23676.0,0.0,0.0,0.0,0.0
326,2015,Ukraine,7.0,0.0,145763.0,0.0,0.0,0.0,0.0,0.0
327,2015,United Arab Emirates,3403.0,0.0,129214.0,7373.0,0.0,0.0,0.0,7478.0
328,2015,United Republic of Tanzania,206.0,0.0,2508961.0,716907.0,0.0,358460.0,0.0,0.0
329,2015,United States of America,567916.0,0.0,3752871.0,231898.0,0.0,85266.0,0.0,0.0
330,2015,Uruguay,0.0,0.0,43826.0,7734.0,0.0,0.0,0.0,0.0
331,2015,Uzbekistan,0.0,0.0,2640.0,0.0,0.0,0.0,0.0,0.0
332,2015,Vanuatu,0.0,0.0,14220.0,490.0,0.0,0.0,0.0,1634.0
333,2015,Venezuela (Bolivarian Republic of),172.0,0.0,456482.0,82444.0,0.0,0.0,0.0,0.0
334,2015,Viet Nam,11578.0,0.0,1757230.0,175928.0,0.0,0.0,0.0,0.0
335,2015,Yemen,25041.0,0.0,84203.0,9985.0,0.0,0.0,0.0,0.0
336,2015,Zambia,1.0,0.0,3093.0,344.0,0.0,0.0,0.0,0.0
337,2015,Zimbabwe,0.0,0.0,196532.0,21837.0,0.0,0.0,0.0,0.0
338,2016,Afghanistan,0.0,0.0,29730.0,0.0,0.0,0.0,0.0,0.0
339,2016,Albania,0.0,0.0,20369.0,0.0,0.0,2440.0,0.0,0.0
340,2016,Algeria,0.0,0.0,177430.0,19714.0,0.0,0.0,0.0,0.0
341,2016,Angola,11.0,0.0,1088956.0,770338.0,0.0,1859294.0,0.0,0.0
342,2016,Antigua and Barbuda,0.0,0.0,1574.0,181.0,0.0,0.0,0.0,55.0
343,2016,Argentina,0.0,0.0,565520.0,42566.0,0.0,0.0,0.0,0.0
344,2016,Armenia,0.0,0.0,11258.0,0.0,0.0,0.0,0.0,0.0
345,2016,Australia,138.0,0.0,319006.0,7092.0,0.0,28356.0,0.0,0.0
346,2016,Austria,16753.0,0.0,103257.0,6316.0,0.0,0.0,0.0,0.0
347,2016,Azerbaijan,105.0,0.0,21107.0,0.0,0.0,0.0,0.0,0.0
348,2016,Bahamas,0.0,0.0,9084.0,819.0,0.0,0.0,0.0,1282.0
349,2016,Bangladesh,52.0,0.0,718283.0,79815.0,0.0,0.0,0.0,0.0
350,2016,Barbados,0.0,0.0,3407.0,83.0,0.0,0.0,0.0,614.0
351,2016,Belarus,33.0,0.0,63088.0,1288.0,0.0,0.0,0.0,0.0
352,2016,Belgium,1129990.0,0.0,151746.0,0.0,0.0,0.0,0.0,0.0
353,2016,Belize,70665.0,0.0,0.0,756.0,0.0,0.0,-1025.0,224.0
354,2016,Benin,0.0,0.0,19018.0,1738.0,0.0,0.0,0.0,0.0
355,2016,Bolivia (Plurinational State of),119493.0,36698.0,98452.0,44937.0,0.0,0.0,0.0,0.0
356,2016,Bosnia and Herzegovina,0.0,0.0,40458.0,4495.0,0.0,0.0,0.0,0.0
357,2016,Botswana,0.0,0.0,2054.0,0.0,0.0,0.0,0.0,-1.0
358,2016,Brazil,63567.0,0.0,5567894.0,993787.0,0.0,0.0,0.0,0.0
359,2016,Bulgaria,2138.0,0.0,31412.0,1766.0,0.0,0.0,0.0,0.0
360,2016,Burkina Faso,1.0,0.0,189.0,0.0,0.0,0.0,0.0,0.0
361,2016,Cabo Verde,0.0,0.0,9383.0,875.0,0.0,0.0,0.0,185.0
362,2016,Cambodia,1.0,0.0,112790.0,13023.0,0.0,17262.0,0.0,775.0
363,2016,Cameroon,295162.0,0.0,757393.0,99455.0,35538.0,0.0,0.0,0.0
364,2016,Canada,35.0,0.0,558438.0,11397.0,0.0,0.0,0.0,0.0
365,2016,Central African Republic,0.0,0.0,127593.0,7407.0,0.0,0.0,0.0,0.0
366,2016,Chad,0.0,0.0,780.0,0.0,0.0,0.0,0.0,0.0
367,2016,Chile,1.0,0.0,194680.0,12426.0,0.0,0.0,0.0,0.0
368,2016,"China, Hong Kong SAR",2562.0,0.0,56139.0,5972.0,0.0,0.0,0.0,1687.0
369,2016,"China, Macao SAR",0.0,0.0,4483.0,0.0,0.0,0.0,0.0,0.0
370,2016,Colombia,1841918.0,196000.0,1584960.0,73936.0,0.0,0.0,0.0,0.0
371,2016,Comoros,0.0,0.0,43258.0,3947.0,0.0,0.0,0.0,-65.0
372,2016,Congo,0.0,0.0,75605.0,6911.0,0.0,0.0,0.0,0.0
373,2016,Costa Rica,2365000.0,234039.0,1402.0,65797.0,0.0,1647.0,0.0,16.0
374,2016,Croatia,1458.0,0.0,54558.0,2948.0,0.0,0.0,0.0,0.0
375,2016,Cuba,0.0,20235.0,251112.0,24964.0,0.0,0.0,0.0,1770.0
376,2016,Cyprus,346.0,0.0,10212.0,1282.0,376.0,0.0,0.0,603.0
377,2016,Czechia,61442.0,0.0,118225.0,12833.0,0.0,0.0,0.0,0.0
378,2016,Côte d'Ivoire,363932.0,0.0,0.0,31450.0,0.0,1032.0,-20890.0,0.0
379,2016,Denmark,7014.0,0.0,67463.0,3920.0,0.0,0.0,0.0,0.0
380,2016,Djibouti,0.0,0.0,1637.0,86.0,0.0,0.0,0.0,0.0
381,2016,Dominica,520.0,2151.0,4775.0,12356.0,0.0,0.0,0.0,5782.0
382,2016,Dominican Republic,382697.0,0.0,416481.0,95489.0,0.0,239715.0,0.0,5802.0
383,2016,Ecuador,5974366.0,0.0,352603.0,34656.0,0.0,168051.0,0.0,0.0
384,2016,Egypt,0.0,0.0,1126076.0,101677.0,0.0,0.0,0.0,209.0
385,2016,El Salvador,0.0,4047.0,64615.0,12133.0,0.0,92.0,0.0,0.0
386,2016,Estonia,116.0,0.0,16705.0,0.0,0.0,0.0,0.0,0.0
387,2016,Eswatini,8760.0,0.0,0.0,551.0,0.0,0.0,-551.0,0.0
388,2016,Ethiopia,13763.0,0.0,475807.0,48732.0,0.0,0.0,0.0,0.0
389,2016,Fiji,21.0,0.0,3549.0,347.0,8.0,0.0,0.0,223.0
390,2016,Finland,5766.0,0.0,98070.0,5520.0,0.0,1049.0,0.0,0.0
391,2016,France,253267.0,0.0,278538.0,27990.0,0.0,0.0,0.0,0.0
392,2016,French Polynesia,0.0,0.0,179.0,16.0,0.0,0.0,0.0,6.0
393,2016,Gabon,0.0,0.0,16781.0,1865.0,0.0,0.0,0.0,0.0
394,2016,Gambia,0.0,0.0,0.0,0.0,0.0,0.0,0.0,0.0
395,2016,Georgia,1360.0,0.0,15764.0,0.0,0.0,0.0,0.0,0.0
396,2016,Germany,356890.0,0.0,981638.0,52120.0,0.0,0.0,0.0,0.0
397,2016,Ghana,58687.0,0.0,21528.0,7328.0,0.0,0.0,0.0,0.0
398,2016,Greece,24059.0,0.0,116775.0,230.0,13014.0,0.0,0.0,0.0
399,2016,Grenada,1.0,393.0,1406.0,388.0,0.0,0.0,0.0,170.0
400,2016,Guatemala,2238373.0,285403.0,72863.0,1165740.0,0.0,22662.0,0.0,136.0
401,2016,Guinea,17.0,0.0,174477.0,53107.0,0.0,0.0,0.0,0.0
402,2016,Guinea-Bissau,0.0,0.0,7772.0,710.0,0.0,0.0,0.0,0.0
403,2016,Guyana,0.0,0.0,13235.0,2336.0,0.0,0.0,0.0,0.0
404,2016,Haiti,154.0,0.0,199178.0,66444.0,0.0,0.0,0.0,0.0
405,2016,Honduras,659089.0,0.0,88347.0,40751.0,0.0,0.0,0.0,300.0
406,2016,Hungary,3227.0,0.0,32594.0,1885.0,0.0,0.0,0.0,0.0
407,2016,Iceland,6.0,0.0,3513.0,72.0,0.0,0.0,0.0,-12.0
408,2016,India,111803.0,0.0,23196197.0,5827000.0,0.0,0.0,0.0,0.0
409,2016,Indonesia,9235.0,0.0,6129981.0,586836.0,0.0,279931.0,0.0,1142.0
410,2016,Iran (Islamic Republic of),0.0,0.0,569220.0,10897.0,0.0,0.0,0.0,0.0
411,2016,Iraq,0.0,0.0,95973.0,10664.0,0.0,0.0,0.0,0.0
412,2016,Ireland,2962.0,0.0,52879.0,4026.0,0.0,20647.0,0.0,0.0
413,2016,Israel,0.0,0.0,126020.0,3337.0,6104.0,550.0,0.0,0.0
414,2016,Italy,44609.0,0.0,668184.0,26.0,0.0,0.0,0.0,0.0
415,2016,Jamaica,38.0,843.0,52121.0,4916.0,0.0,0.0,0.0,784.0
416,2016,Japan,0.0,0.0,793890.0,162604.0,0.0,0.0,0.0,0.0
417,2016,Jordan,0.0,0.0,39223.0,3422.0,0.0,0.0,0.0,0.0
418,2016,Kazakhstan,1.0,0.0,35534.0,0.0,0.0,0.0,0.0,0.0
419,2016,Kenya,23.0,0.0,1095249.0,193378.0,0.0,0.0,0.0,535.0
420,2016,Kiribati,0.0,0.0,6501.0,660.0,0.0,0.0,0.0,739.0
421,2016,Kuwait,41437.0,0.0,56207.0,0.0,0.0,0.0,0.0,0.0
422,2016,Kyrgyzstan,19.0,0.0,7023.0,0.0,0.0,0.0,0.0,0.0
423,2016,Lao People's Democratic Republic,275608.0,0.0,479923.0,39810.0,0.0,0.0,0.0,859.0
424,2016,Latvia,10764.0,0.0,17876.0,0.0,0.0,0.0,0.0,0.0
425,2016,Lebanon,32372.0,0.0,102736.0,15012.0,0.0,0.0,0.0,0.0
426,2016,Lesotho,0.0,0.0,486.0,0.0,0.0,0.0,0.0,0.0
427,2016,Liberia,0.0,0.0,126143.0,11530.0,0.0,0.0,0.0,0.0
428,2016,Lithuania,14830.0,0.0,31695.0,0.0,0.0,1748.0,0.0,0.0
429,2016,Luxembourg,220.0,0.0,4828.0,266.0,0.0,0.0,0.0,0.0
430,2016,Madagascar,67.0,0.0,342212.0,31286.0,0.0,0.0,0.0,0.0
431,2016,Malawi,0.0,0.0,390301.0,38841.0,0.0,0.0,0.0,0.0
432,2016,Malaysia,25102.0,0.0,244661.0,56563.0,0.0,0.0,0.0,0.0
433,2016,Maldives,0.0,0.0,1925.0,232.0,0.0,0.0,0.0,160.0
434,2016,Mali,0.0,0.0,164969.0,14432.0,0.0,0.0,0.0,0.0
435,2016,Malta,0.0,0.0,7991.0,434.0,0.0,0.0,0.0,261.0
436,2016,Mauritania,0.0,0.0,3543.0,0.0,0.0,0.0,0.0,0.0
437,2016,Mauritius,1.0,0.0,6903.0,233.0,364.0,0.0,0.0,232.0
438,2016,Mexico,448311.0,0.0,1736243.0,199722.0,0.0,587.0,0.0,0.0
439,2016,Mongolia,0.0,0.0,2287.0,0.0,0.0,0.0,0.0,0.0
440,2016,Montenegro,0.0,0.0,10700.0,0.0,0.0,0.0,0.0,0.0
441,2016,Morocco,0.0,0.0,317001.0,27957.0,0.0,0.0,0.0,0.0
442,2016,Mozambique,116194.0,0.0,375488.0,25878.0,0.0,0.0,0.0,0.0
443,2016,Myanmar,109340.0,0.0,0.0,0.0,0.0,0.0,0.0,0.0
444,2016,Namibia,0.0,0.0,3282.0,0.0,0.0,0.0,0.0,0.0
445,2016,Nepal,2.0,0.0,238572.0,19781.0,0.0,0.0,0.0,61.0
446,2016,Netherlands,505578.0,0.0,230295.0,7708.0,0.0,27184.0,0.0,0.0
447,2016,New Caledonia,0.0,122.0,1958.0,205.0,0.0,0.0,151.0,11.0
448,2016,New Zealand,9.0,0.0,66156.0,9548.0,0.0,19765.0,0.0,0.0
449,2016,Nicaragua,103937.0,0.0,0.0,8914.0,0.0,0.0,-4545.0,0.0
450,2016,Niger,18.0,0.0,2857.0,0.0,0.0,0.0,0.0,0.0
451,2016,Nigeria,45.0,0.0,0.0,0.0,0.0,0.0,0.0,0.0
452,2016,North Macedonia,0.0,0.0,0.0,0.0,0.0,0.0,0.0,0.0
453,2016,Norway,62.0,0.0,79390.0,4182.0,0.0,0.0,0.0,0.0
454,2016,Oman,0.0,0.0,13262.0,3316.0,0.0,0.0,0.0,0.0
455,2016,Pakistan,50259.0,0.0,72190.0,12188.0,0.0,0.0,0.0,0.0
456,2016,Panama,249625.0,12325.0,41415.0,7889.0,0.0,0.0,0.0,0.0
457,2016,Papua New Guinea,0.0,65552.0,1130000.0,109277.0,0.0,0.0,0.0,0.0
458,2016,Paraguay,40345.0,3154.0,10406.0,17968.0,0.0,0.0,0.0,0.0
459,2016,Peru,202408.0,0.0,60788.0,16800.0,0.0,5.0,0.0,0.0
460,2016,Philippines,1397451.0,328428.0,3615102.0,488182.0,0.0,0.0,0.0,0.0
461,2016,Poland,36951.0,0.0,79998.0,30480.0,0.0,157371.0,0.0,0.0
462,2016,Portugal,3374.0,0.0,162831.0,18906.0,0.0,3948.0,0.0,0.0
463,2016,Republic of Korea,0.0,0.0,346351.0,18229.0,0.0,0.0,0.0,0.0
464,2016,Republic of Moldova,60.0,0.0,7772.0,0.0,0.0,2951.0,0.0,0.0
465,2016,Romania,0.0,0.0,97652.0,5140.0,0.0,0.0,0.0,0.0
466,2016,Russian Federation,38041.0,0.0,1317949.0,0.0,0.0,0.0,0.0,0.0
467,2016,Rwanda,0.0,0.0,873242.0,254425.0,0.0,0.0,0.0,0.0
468,2016,Saint Kitts and Nevis,0.0,0.0,62.0,0.0,0.0,0.0,0.0,0.0
469,2016,Saint Lucia,15224.0,0.0,1204.0,692.0,0.0,0.0,0.0,140.0
470,2016,Saint Vincent and the Grenadines,4404.0,45516.0,3068.0,4845.0,0.0,0.0,0.0,20.0
471,2016,Samoa,1.0,3133.0,13919.0,1748.0,0.0,0.0,0.0,2089.0
472,2016,Sao Tome and Principe,0.0,0.0,5976.0,1162.0,0.0,0.0,0.0,-166.0
473,2016,Saudi Arabia,7965.0,0.0,184194.0,5943.0,0.0,0.0,0.0,0.0
474,2016,Senegal,0.0,0.0,33901.0,3099.0,0.0,0.0,0.0,0.0
475,2016,Serbia,745.0,0.0,57442.0,0.0,0.0,0.0,0.0,0.0
476,2016,Seychelles,0.0,0.0,1647.0,166.0,0.0,0.0,0.0,171.0
477,2016,Sierra Leone,0.0,0.0,0.0,0.0,0.0,0.0,0.0,0.0
478,2016,Slovakia,20847.0,0.0,41999.0,3406.0,0.0,1863.0,0.0,0.0
479,2016,Slovenia,37483.0,0.0,27697.0,7242.0,0.0,0.0,0.0,0.0
480,2016,Solomon Islands,0.0,0.0,285.0,26.0,0.0,0.0,0.0,0.0
481,2016,South Africa,8123.0,0.0,352691.0,25968.0,0.0,0.0,0.0,0.0
482,2016,Spain,90622.0,0.0,323528.0,88722.0,0.0,179605.0,0.0,0.0
483,2016,Sri Lanka,12.0,0.0,0.0,0.0,0.0,0.0,0.0,0.0
484,2016,Sudan,0.0,0.0,710000.0,77984.0,0.0,0.0,122129.0,0.0
485,2016,Suriname,50410.0,2386.0,7055.0,1221.0,0.0,0.0,0.0,0.0
486,2016,Sweden,28891.0,0.0,74298.0,10063.0,0.0,88000.0,0.0,0.0
487,2016,Switzerland,12.0,0.0,88585.0,1250.0,0.0,0.0,0.0,0.0
488,2016,Tajikistan,0.0,0.0,585.0,0.0,0.0,0.0,0.0,0.0
489,2016,Thailand,24764.0,0.0,663615.0,91456.0,0.0,333180.0,0.0,0.0
490,2016,Timor-Leste,0.0,0.0,518.0,47.0,0.0,0.0,0.0,0.0
491,2016,Togo,0.0,0.0,20359.0,5090.0,0.0,0.0,0.0,0.0
492,2016,Trinidad and Tobago,0.0,0.0,7708.0,862.0,0.0,0.0,0.0,49.0
493,2016,Tunisia,22.0,0.0,60660.0,4567.0,0.0,0.0,0.0,0.0
494,2016,Turkey,10.0,0.0,447092.0,26436.0,0.0,41757.0,0.0,0.0
495,2016,Uganda,763.0,0.0,522808.0,23323.0,0.0,0.0,0.0,0.0
496,2016,Ukraine,11.0,0.0,191919.0,0.0,0.0,0.0,0.0,0.0
497,2016,United Arab Emirates,2953.0,0.0,144823.0,8219.0,0.0,0.0,0.0,8379.0
498,2016,United Republic of Tanzania,18677.0,0.0,2416022.0,695101.0,0.0,345705.0,0.0,0.0
499,2016,United States of America,573451.0,0.0,3711484.0,230010.0,0.0,85252.0,0.0,0.0
500,2016,Uruguay,1.0,0.0,39089.0,6898.0,0.0,0.0,0.0,0.0
501,2016,Uzbekistan,0.0,0.0,1621.0,0.0,0.0,0.0,0.0,0.0
502,2016,Vanuatu,0.0,0.0,14318.0,494.0,0.0,0.0,0.0,1646.0
503,2016,Venezuela (Bolivarian Republic of),7.0,0.0,487605.0,71968.0,0.0,0.0,0.0,0.0
504,2016,Viet Nam,32824.0,0.0,1734514.0,175801.0,0.0,0.0,0.0,0.0
505,2016,Yemen,41855.0,0.0,65101.0,9776.0,0.0,0.0,0.0,0.0
506,2016,Zambia,1.0,0.0,605.0,55.0,0.0,0.0,0.0,0.0
507,2016,Zimbabwe,821.0,0.0,205623.0,22938.0,0.0,0.0,0.0,0.0
508,2017,Afghanistan,0.0,0.0,132929.0,0.0,0.0,0.0,0.0,0.0
509,2017,Albania,0.0,0.0,11425.0,0.0,0.0,1400.0,0.0,0.0
510,2017,Algeria,0.0,0.0,86570.0,9619.0,0.0,0.0,0.0,0.0
511,2017,Angola,485.0,0.0,1139075.0,818656.0,0.0,1957732.0,0.0,0.0
512,2017,Antigua and Barbuda,0.0,0.0,1856.0,212.0,0.0,0.0,0.0,55.0
513,2017,Argentina,0.0,0.0,616206.0,46381.0,0.0,0.0,0.0,0.0
514,2017,Armenia,0.0,0.0,12096.0,0.0,0.0,0.0,0.0,0.0
515,2017,Australia,127.0,0.0,371708.0,8263.0,0.0,33041.0,0.0,0.0
516,2017,Austria,17112.0,0.0,105007.0,6427.0,0.0,0.0,0.0,0.0
517,2017,Azerbaijan,0.0,0.0,14202.0,0.0,0.0,0.0,0.0,0.0
518,2017,Bahamas,0.0,0.0,9971.0,822.0,0.0,0.0,0.0,1397.0
519,2017,Bangladesh,37.0,0.0,726359.0,80711.0,0.0,0.0,0.0,0.0
520,2017,Barbados,0.0,0.0,3327.0,86.0,0.0,0.0,0.0,606.0
521,2017,Belarus,40.0,0.0,72713.0,1485.0,0.0,0.0,0.0,0.0
522,2017,Belgium,1284341.0,0.0,121617.0,0.0,0.0,0.0,0.0,0.0
523,2017,Belize,84635.0,0.0,0.0,911.0,0.0,0.0,-605.0,224.0
524,2017,Benin,0.0,0.0,20145.0,1797.0,0.0,0.0,0.0,0.0
525,2017,Bolivia (Plurinational State of),104234.0,37788.0,104200.0,43451.0,0.0,0.0,0.0,0.0
526,2017,Bosnia and Herzegovina,0.0,0.0,42985.0,4776.0,0.0,0.0,0.0,0.0
527,2017,Botswana,0.0,0.0,856.0,0.0,0.0,0.0,0.0,-1.0
528,2017,Brazil,40933.0,0.0,5556336.0,987753.0,0.0,0.0,0.0,0.0
529,2017,Bulgaria,954.0,0.0,35370.0,1912.0,0.0,0.0,0.0,0.0
530,2017,Burkina Faso,0.0,0.0,461.0,0.0,0.0,0.0,0.0,0.0
531,2017,Cabo Verde,0.0,0.0,9371.0,872.0,0.0,0.0,0.0,185.0
532,2017,Cambodia,4236.0,0.0,109282.0,13048.0,0.0,16787.0,0.0,775.0
533,2017,Cameroon,275688.0,0.0,818283.0,104285.0,46960.0,0.0,0.0,0.0
534,2017,Canada,35.0,0.0,567090.0,11574.0,0.0,0.0,0.0,0.0
535,2017,Central African Republic,0.0,0.0,123025.0,6975.0,0.0,0.0,0.0,0.0
536,2017,Chad,0.0,0.0,0.0,0.0,0.0,0.0,0.0,0.0
537,2017,Chile,1.0,0.0,208936.0,13336.0,0.0,0.0,0.0,0.0
538,2017,"China, Hong Kong SAR",2402.0,0.0,59860.0,6387.0,0.0,0.0,509.0,1813.0
539,2017,"China, Macao SAR",0.0,0.0,3098.0,0.0,0.0,0.0,0.0,0.0
540,2017,Colombia,1884805.0,197000.0,1574108.0,74610.0,0.0,0.0,0.0,0.0
541,2017,Comoros,0.0,0.0,43016.0,3926.0,0.0,0.0,0.0,-65.0
542,2017,Congo,0.0,0.0,75856.0,6933.0,0.0,0.0,0.0,0.0
543,2017,Costa Rica,2525200.0,220712.0,1770.0,69494.0,0.0,1577.0,0.0,16.0
544,2017,Croatia,783.0,0.0,57600.0,3073.0,0.0,0.0,0.0,0.0
545,2017,Cuba,0.0,20766.0,248387.0,24750.0,0.0,0.0,0.0,1770.0
546,2017,Cyprus,18.0,0.0,9008.0,1107.0,331.0,0.0,0.0,603.0
547,2017,Czechia,63677.0,0.0,117302.0,12927.0,0.0,0.0,0.0,0.0
548,2017,Côte d'Ivoire,387137.0,0.0,0.0,33499.0,0.0,1076.0,-21712.0,0.0
549,2017,Denmark,9770.0,0.0,68512.0,4120.0,0.0,0.0,0.0,0.0
550,2017,Djibouti,0.0,0.0,1777.0,94.0,0.0,0.0,0.0,0.0
551,2017,Dominica,2.0,2448.0,5047.0,12642.0,0.0,0.0,0.0,6039.0
552,2017,Dominican Republic,133506.0,0.0,598183.0,95905.0,0.0,311758.0,0.0,5802.0
553,2017,Ecuador,6415232.0,0.0,300000.0,33342.0,0.0,0.0,-466469.0,0.0
554,2017,Egypt,90.0,0.0,1254137.0,114363.0,0.0,0.0,0.0,209.0
555,2017,El Salvador,0.0,3993.0,63783.0,11973.0,0.0,70.0,0.0,0.0
556,2017,Estonia,49.0,0.0,19428.0,0.0,0.0,0.0,0.0,0.0
557,2017,Eswatini,6856.0,0.0,2252.0,563.0,0.0,0.0,0.0,0.0
558,2017,Ethiopia,11485.0,0.0,443771.0,45316.0,0.0,0.0,0.0,0.0
559,2017,Fiji,4.0,0.0,3743.0,365.0,13.0,0.0,0.0,232.0
560,2017,Finland,7530.0,0.0,99636.0,5696.0,0.0,1067.0,0.0,0.0
561,2017,France,250414.0,0.0,385398.0,33464.0,0.0,0.0,0.0,0.0
562,2017,French Polynesia,0.0,0.0,171.0,16.0,0.0,0.0,0.0,6.0
563,2017,Gabon,0.0,0.0,16975.0,1886.0,0.0,0.0,0.0,0.0
564,2017,Gambia,0.0,0.0,0.0,0.0,0.0,0.0,0.0,0.0
565,2017,Georgia,1761.0,0.0,21638.0,0.0,0.0,0.0,0.0,0.0
566,2017,Germany,343160.0,0.0,1020666.0,53105.0,0.0,0.0,0.0,0.0
567,2017,Ghana,88480.0,0.0,0.0,7380.0,0.0,0.0,-7380.0,0.0
568,2017,Greece,40633.0,0.0,127052.0,236.0,14174.0,0.0,0.0,0.0
569,2017,Grenada,0.0,386.0,1377.0,380.0,0.0,0.0,0.0,167.0
570,2017,Guatemala,2342925.0,375730.0,87790.0,1260284.0,0.0,25300.0,0.0,136.0
571,2017,Guinea,0.0,0.0,178206.0,54237.0,0.0,0.0,0.0,0.0
572,2017,Guinea-Bissau,0.0,0.0,8049.0,736.0,0.0,0.0,0.0,0.0
573,2017,Guyana,5.0,0.0,13252.0,2340.0,0.0,0.0,0.0,0.0
574,2017,Haiti,0.0,0.0,198040.0,66013.0,0.0,0.0,0.0,0.0
575,2017,Honduras,648518.0,0.0,65562.0,36869.0,0.0,0.0,0.0,300.0
576,2017,Hungary,2123.0,0.0,33807.0,1891.0,0.0,0.0,0.0,0.0
577,2017,Iceland,6.0,0.0,3665.0,75.0,0.0,0.0,0.0,-12.0
578,2017,India,89837.0,0.0,24291763.0,6095400.0,0.0,0.0,0.0,0.0
579,2017,Indonesia,1736.0,0.0,6273486.0,599864.0,0.0,286457.0,0.0,1142.0
580,2017,Iran (Islamic Republic of),0.0,0.0,622302.0,11179.0,0.0,0.0,0.0,0.0
581,2017,Iraq,0.0,0.0,251246.0,27916.0,0.0,0.0,0.0,0.0
582,2017,Ireland,4176.0,0.0,57749.0,4584.0,0.0,25173.0,0.0,0.0
583,2017,Israel,0.0,0.0,117309.0,3091.0,5091.0,529.0,0.0,0.0
584,2017,Italy,67018.0,0.0,691197.0,26.0,0.0,0.0,0.0,0.0
585,2017,Jamaica,43.0,1008.0,57553.0,5428.0,0.0,0.0,0.0,784.0
586,2017,Japan,0.0,0.0,818119.0,167567.0,0.0,0.0,0.0,0.0
587,2017,Jordan,186.0,0.0,56749.0,6326.0,0.0,0.0,0.0,0.0
588,2017,Kazakhstan,0.0,0.0,31954.0,0.0,0.0,0.0,0.0,0.0
589,2017,Kenya,104.0,0.0,1219500.0,215319.0,0.0,0.0,0.0,535.0
590,2017,Kiribati,0.0,0.0,6693.0,679.0,0.0,0.0,0.0,755.0
591,2017,Kuwait,69061.0,0.0,13335.0,0.0,0.0,0.0,0.0,0.0
592,2017,Kyrgyzstan,10.0,0.0,5184.0,0.0,0.0,0.0,0.0,0.0
593,2017,Lao People's Democratic Republic,212987.0,0.0,685755.0,47347.0,0.0,0.0,0.0,859.0
594,2017,Latvia,15716.0,0.0,18930.0,0.0,0.0,0.0,0.0,0.0
595,2017,Lebanon,25135.0,0.0,112326.0,15273.0,0.0,0.0,0.0,0.0
596,2017,Lesotho,0.0,0.0,1450.0,0.0,0.0,0.0,0.0,0.0
597,2017,Liberia,0.0,0.0,127978.0,11698.0,0.0,0.0,0.0,0.0
598,2017,Lithuania,12933.0,0.0,36284.0,0.0,0.0,4860.0,0.0,0.0
599,2017,Luxembourg,248.0,0.0,5123.0,283.0,0.0,0.0,0.0,0.0
600,2017,Madagascar,59.0,0.0,346781.0,31702.0,0.0,0.0,0.0,0.0
601,2017,Malawi,0.0,0.0,395821.0,39395.0,0.0,0.0,0.0,0.0
602,2017,Malaysia,27451.0,0.0,275944.0,63615.0,0.0,0.0,0.0,0.0
603,2017,Maldives,0.0,0.0,2290.0,276.0,0.0,0.0,0.0,190.0
604,2017,Mali,0.0,0.0,184896.0,16015.0,0.0,0.0,0.0,0.0
605,2017,Malta,0.0,0.0,9051.0,492.0,0.0,0.0,0.0,295.0
606,2017,Mauritania,0.0,0.0,4384.0,0.0,0.0,0.0,0.0,0.0
607,2017,Mauritius,0.0,0.0,7634.0,260.0,518.0,0.0,0.0,232.0
608,2017,Mexico,561295.0,0.0,1481130.0,186719.0,0.0,500.0,0.0,0.0
609,2017,Mongolia,0.0,0.0,2685.0,0.0,0.0,0.0,0.0,0.0
610,2017,Montenegro,0.0,0.0,12587.0,0.0,0.0,0.0,0.0,0.0
611,2017,Morocco,0.0,0.0,315810.0,27940.0,0.0,0.0,0.0,0.0
612,2017,Mozambique,96983.0,0.0,514539.0,32185.0,0.0,0.0,0.0,0.0
613,2017,Myanmar,233291.0,0.0,0.0,0.0,0.0,0.0,0.0,0.0
614,2017,Namibia,0.0,0.0,3463.0,0.0,0.0,0.0,0.0,0.0
615,2017,Nepal,3.0,0.0,264692.0,20738.0,0.0,0.0,0.0,61.0
616,2017,Netherlands,684021.0,0.0,193809.0,9085.0,0.0,21597.0,0.0,0.0
617,2017,New Caledonia,0.0,80.0,1278.0,134.0,0.0,0.0,95.0,11.0
618,2017,New Zealand,7.0,0.0,70177.0,8773.0,0.0,8775.0,0.0,0.0
619,2017,Nicaragua,112787.0,0.0,0.0,9456.0,0.0,0.0,-7808.0,0.0
620,2017,Niger,0.0,0.0,4538.0,0.0,0.0,0.0,0.0,0.0
621,2017,Nigeria,15.0,0.0,194.0,0.0,0.0,0.0,0.0,0.0
622,2017,North Macedonia,0.0,0.0,0.0,0.0,0.0,0.0,0.0,0.0
623,2017,Norway,22.0,0.0,81914.0,4312.0,0.0,0.0,0.0,0.0
624,2017,Oman,0.0,0.0,14718.0,3679.0,0.0,0.0,0.0,0.0
625,2017,Pakistan,45933.0,0.0,79073.0,12443.0,0.0,0.0,0.0,0.0
626,2017,Panama,288036.0,14918.0,50126.0,9548.0,0.0,0.0,1.0,0.0
627,2017,Papua New Guinea,0.0,81450.0,1150000.0,112558.0,0.0,0.0,0.0,0.0
628,2017,Paraguay,38543.0,3374.0,12286.0,18068.0,0.0,0.0,0.0,0.0
629,2017,Peru,202926.0,0.0,64970.0,17100.0,0.0,6.0,0.0,0.0
630,2017,Philippines,2667785.0,216929.0,2650701.0,505956.0,0.0,0.0,0.0,0.0
631,2017,Poland,58098.0,0.0,116137.0,44558.0,0.0,226785.0,0.0,0.0
632,2017,Portugal,13189.0,0.0,168677.0,20670.0,0.0,4162.0,0.0,0.0
633,2017,Republic of Korea,1.0,0.0,415510.0,21869.0,0.0,0.0,0.0,0.0
634,2017,Republic of Moldova,19.0,0.0,9029.0,0.0,0.0,3399.0,0.0,0.0
635,2017,Romania,6.0,0.0,125960.0,6630.0,0.0,0.0,0.0,0.0
636,2017,Russian Federation,59768.0,0.0,1484290.0,0.0,0.0,0.0,0.0,0.0
637,2017,Rwanda,12.0,0.0,811413.0,196233.0,0.0,0.0,0.0,0.0
638,2017,Saint Kitts and Nevis,0.0,0.0,180.0,0.0,0.0,0.0,0.0,0.0
639,2017,Saint Lucia,14945.0,428.0,1638.0,377.0,0.0,0.0,0.0,140.0
640,2017,Saint Vincent and the Grenadines,3648.0,47267.0,3076.0,4937.0,0.0,0.0,0.0,20.0
641,2017,Samoa,16.0,3448.0,15315.0,1927.0,0.0,0.0,0.0,2299.0
642,2017,Sao Tome and Principe,0.0,0.0,5686.0,1104.0,0.0,0.0,0.0,-166.0
643,2017,Saudi Arabia,11303.0,0.0,194801.0,6374.0,0.0,0.0,0.0,0.0
644,2017,Senegal,22.0,0.0,27465.0,2512.0,0.0,0.0,0.0,0.0
645,2017,Serbia,118.0,0.0,66258.0,0.0,0.0,0.0,0.0,0.0
646,2017,Seychelles,0.0,0.0,1649.0,166.0,0.0,0.0,0.0,171.0
647,2017,Slovakia,22046.0,0.0,48212.0,3809.0,0.0,2118.0,0.0,0.0
648,2017,Slovenia,48764.0,0.0,24676.0,8160.0,0.0,0.0,0.0,0.0
649,2017,Solomon Islands,0.0,0.0,286.0,26.0,0.0,0.0,0.0,0.0
650,2017,South Africa,7182.0,0.0,414866.0,28073.0,0.0,0.0,0.0,0.0
651,2017,Spain,96639.0,0.0,314453.0,94844.0,0.0,223631.0,0.0,0.0
652,2017,Sri Lanka,77.0,0.0,0.0,5662.0,0.0,0.0,-5662.0,0.0
653,2017,Sudan,22679.0,0.0,720000.0,78403.0,0.0,0.0,93917.0,0.0
654,2017,Suriname,46106.0,5157.0,10366.0,1258.0,0.0,0.0,0.0,0.0
655,2017,Sweden,31535.0,0.0,73201.0,10565.0,0.0,96000.0,0.0,0.0
656,2017,Switzerland,37.0,0.0,91056.0,1285.0,0.0,0.0,0.0,0.0
657,2017,Tajikistan,0.0,0.0,1452.0,0.0,0.0,0.0,0.0,0.0
658,2017,Thailand,29211.0,0.0,594642.0,83749.0,0.0,300138.0,0.0,0.0
659,2017,Timor-Leste,0.0,0.0,518.0,47.0,0.0,0.0,0.0,0.0
660,2017,Togo,0.0,0.0,20907.0,5227.0,0.0,0.0,0.0,0.0
661,2017,Trinidad and Tobago,0.0,0.0,4317.0,266.0,0.0,0.0,0.0,49.0
662,2017,Tunisia,0.0,0.0,53276.0,4010.0,0.0,0.0,0.0,0.0
663,2017,Turkey,8.0,0.0,498167.0,31888.0,0.0,46519.0,0.0,0.0
664,2017,Turkmenistan,0.0,0.0,0.0,0.0,0.0,0.0,0.0,0.0
665,2017,Uganda,1180.0,0.0,515491.0,23013.0,0.0,0.0,0.0,0.0
666,2017,Ukraine,10.0,0.0,238271.0,0.0,0.0,0.0,0.0,0.0
667,2017,United Arab Emirates,5404.0,0.0,159065.0,9141.0,0.0,0.0,0.0,9209.0
668,2017,United Republic of Tanzania,899.0,0.0,1591607.0,687875.0,0.0,253297.0,0.0,0.0
669,2017,United States of America,594270.0,0.0,3893359.0,240876.0,0.0,89010.0,0.0,0.0
670,2017,Uruguay,2.0,0.0,43688.0,7710.0,0.0,0.0,0.0,0.0
671,2017,Uzbekistan,0.0,0.0,17518.0,0.0,0.0,0.0,0.0,0.0
672,2017,Vanuatu,0.0,0.0,14462.0,499.0,0.0,0.0,0.0,1662.0
673,2017,Venezuela (Bolivarian Republic of),1.0,0.0,511690.0,65555.0,0.0,0.0,0.0,0.0
674,2017,Viet Nam,50792.0,0.0,1815666.0,185164.0,0.0,0.0,0.0,0.0
675,2017,Yemen,1237.0,0.0,105581.0,9763.0,0.0,0.0,0.0,0.0
676,2017,Zambia,5.0,0.0,1142.0,127.0,0.0,0.0,0.0,0.0
677,2017,Zimbabwe,3051.0,0.0,194949.0,22000.0,0.0,0.0,0.0,0.0
678,2018,Afghanistan,0.0,0.0,143248.0,0.0,0.0,0.0,0.0,0.0
679,2018,Albania,0.0,0.0,18555.0,0.0,0.0,2259.0,0.0,0.0
680,2018,Algeria,0.0,0.0,54504.0,6056.0,0.0,0.0,0.0,0.0
681,2018,Angola,3820.0,0.0,1148488.0,826620.0,0.0,1975108.0,0.0,0.0
682,2018,Antigua and Barbuda,0.0,0.0,1671.0,192.0,0.0,0.0,0.0,55.0
683,2018,Argentina,0.0,0.0,580377.0,43684.0,0.0,0.0,0.0,0.0
684,2018,Armenia,4.0,0.0,22469.0,0.0,0.0,0.0,0.0,0.0
685,2018,Australia,94.0,0.0,336514.0,7480.0,0.0,29913.0,0.0,0.0
686,2018,Austria,14771.0,0.0,107103.0,6414.0,0.0,0.0,0.0,0.0
687,2018,Azerbaijan,0.0,0.0,37221.0,0.0,0.0,0.0,0.0,0.0
688,2018,Bahamas,0.0,0.0,10116.0,817.0,0.0,0.0,0.0,1415.0
689,2018,Bangladesh,40.0,0.0,729273.0,81035.0,0.0,0.0,0.0,0.0
690,2018,Barbados,0.0,0.0,3332.0,88.0,0.0,0.0,0.0,606.0
691,2018,Belarus,58.0,0.0,72092.0,1472.0,0.0,0.0,0.0,0.0
692,2018,Belgium,1156162.0,0.0,170563.0,0.0,0.0,0.0,0.0,0.0
693,2018,Belize,90774.0,0.0,0.0,842.0,0.0,0.0,-13148.0,224.0
694,2018,Benin,0.0,0.0,20311.0,1856.0,0.0,0.0,0.0,0.0
695,2018,Bolivia (Plurinational State of),117686.0,38364.0,104008.0,45892.0,0.0,0.0,0.0,0.0
696,2018,Bosnia and Herzegovina,42.0,0.0,47398.0,5271.0,0.0,0.0,0.0,0.0
697,2018,Botswana,1.0,0.0,4110.0,0.0,0.0,0.0,0.0,-1.0
698,2018,Brazil,64859.0,0.0,5674637.0,1012852.0,0.0,0.0,0.0,0.0
699,2018,Bulgaria,791.0,0.0,40830.0,2191.0,0.0,0.0,0.0,0.0
700,2018,Burkina Faso,0.0,0.0,930.0,0.0,0.0,0.0,0.0,0.0
701,2018,Cabo Verde,0.0,0.0,8555.0,796.0,0.0,0.0,0.0,185.0
702,2018,Cambodia,0.0,0.0,113228.0,13073.0,0.0,17329.0,0.0,775.0
703,2018,Cameroon,211982.0,0.0,843608.0,100786.0,47064.0,0.0,0.0,0.0
704,2018,Canada,56.0,0.0,560097.0,11432.0,0.0,0.0,0.0,0.0
705,2018,Central African Republic,0.0,0.0,132418.0,7582.0,0.0,0.0,0.0,0.0
706,2018,Chad,0.0,0.0,0.0,0.0,0.0,0.0,0.0,0.0
707,2018,Chile,0.0,0.0,206291.0,13168.0,0.0,0.0,0.0,0.0
708,2018,"China, Hong Kong SAR",1982.0,0.0,60058.0,6370.0,0.0,0.0,549.0,1819.0
709,2018,"China, Macao SAR",0.0,0.0,3452.0,0.0,0.0,0.0,0.0,0.0
710,2018,Colombia,1748483.0,196000.0,1692386.0,74222.0,0.0,0.0,0.0,0.0
711,2018,Comoros,0.0,0.0,42932.0,3918.0,0.0,0.0,0.0,-65.0
712,2018,Congo,0.0,0.0,76124.0,6956.0,0.0,0.0,0.0,0.0
713,2018,Costa Rica,2484231.0,181214.0,2364.0,67624.0,0.0,1362.0,0.0,16.0
714,2018,Croatia,3120.0,0.0,59506.0,3296.0,0.0,0.0,0.0,0.0
715,2018,Cuba,0.0,18618.0,228764.0,22773.0,0.0,0.0,0.0,1770.0
716,2018,Cyprus,46.0,0.0,9233.0,1136.0,339.0,0.0,0.0,603.0
717,2018,Czechia,56608.0,0.0,123600.0,12872.0,0.0,0.0,0.0,0.0
718,2018,Côte d'Ivoire,377150.0,0.0,0.0,33274.0,0.0,1609.0,-14727.0,0.0
719,2018,Denmark,8117.0,0.0,83507.0,4822.0,0.0,0.0,0.0,0.0
720,2018,Djibouti,0.0,0.0,2431.0,128.0,0.0,0.0,0.0,0.0
721,2018,Dominica,224.0,2485.0,5007.0,12927.0,0.0,0.0,0.0,6124.0
722,2018,Dominican Republic,124896.0,0.0,606055.0,98464.0,0.0,340493.0,0.0,5802.0
723,2018,Ecuador,6553853.0,0.0,300000.0,34528.0,0.0,0.0,-382746.0,0.0
724,2018,Egypt,317.0,0.0,1178614.0,116260.0,0.0,0.0,0.0,209.0
725,2018,El Salvador,0.0,4372.0,69827.0,13109.0,0.0,84.0,0.0,0.0
726,2018,Estonia,25.0,0.0,20397.0,0.0,0.0,0.0,0.0,0.0
727,2018,Eswatini,11317.0,0.0,0.0,574.0,0.0,0.0,-574.0,0.0
728,2018,Ethiopia,10000.0,0.0,452023.0,45990.0,0.0,0.0,0.0,0.0
729,2018,Fiji,2.0,0.0,4202.0,409.0,21.0,0.0,0.0,253.0
730,2018,Finland,7273.0,0.0,97732.0,5582.0,0.0,1046.0,0.0,0.0
731,2018,France,249532.0,0.0,439004.0,36239.0,0.0,0.0,0.0,0.0
732,2018,French Polynesia,0.0,0.0,173.0,16.0,0.0,0.0,0.0,6.0
733,2018,Gabon,0.0,0.0,17295.0,1922.0,0.0,0.0,0.0,0.0
734,2018,Gambia,0.0,0.0,33.0,0.0,0.0,0.0,0.0,0.0
735,2018,Georgia,2624.0,0.0,23316.0,0.0,0.0,0.0,0.0,0.0
736,2018,Germany,247437.0,0.0,961594.0,47078.0,0.0,0.0,0.0,0.0
737,2018,Ghana,95144.0,0.0,0.0,7895.0,0.0,0.0,-7895.0,0.0
738,2018,Greece,58415.0,0.0,147006.0,241.0,16432.0,0.0,0.0,0.0
739,2018,Grenada,0.0,370.0,1347.0,370.0,0.0,0.0,0.0,164.0
740,2018,Guatemala,2361491.0,325207.0,80304.0,1242336.0,0.0,24412.0,0.0,136.0
741,2018,Guinea,17.0,0.0,181952.0,55382.0,0.0,0.0,0.0,0.0
742,2018,Guinea-Bissau,0.0,0.0,8326.0,761.0,0.0,0.0,0.0,0.0
743,2018,Guyana,30.0,0.0,14253.0,2521.0,0.0,0.0,0.0,0.0
744,2018,Haiti,0.0,0.0,196793.0,65598.0,0.0,0.0,0.0,0.0
745,2018,Honduras,615616.0,0.0,33827.0,36216.0,0.0,0.0,0.0,300.0
746,2018,Hungary,6705.0,0.0,35326.0,2212.0,0.0,0.0,0.0,0.0
747,2018,Iceland,6.0,0.0,3495.0,71.0,0.0,0.0,0.0,-12.0
748,2018,India,116107.0,0.0,24530293.0,6161600.0,0.0,0.0,0.0,0.0
749,2018,Indonesia,15152.0,0.0,6349723.0,608381.0,0.0,289985.0,0.0,1142.0
750,2018,Iran (Islamic Republic of),0.0,0.0,390888.0,3935.0,0.0,0.0,0.0,0.0
751,2018,Iraq,0.0,0.0,274963.0,30551.0,0.0,0.0,0.0,0.0
752,2018,Ireland,1914.0,0.0,58179.0,4418.0,0.0,23847.0,0.0,0.0
753,2018,Israel,0.0,0.0,125422.0,3312.0,5736.0,551.0,0.0,0.0
754,2018,Italy,82248.0,0.0,695377.0,26.0,0.0,0.0,0.0,0.0
755,2018,Jamaica,271.0,1054.0,58734.0,5559.0,0.0,0.0,0.0,784.0
756,2018,Japan,0.0,0.0,832432.0,170498.0,0.0,0.0,0.0,0.0
757,2018,Jordan,258.0,0.0,51493.0,3526.0,0.0,0.0,0.0,0.0
758,2018,Kazakhstan,1336.0,0.0,32451.0,0.0,0.0,0.0,0.0,0.0
759,2018,Kenya,19.0,0.0,1203628.0,212503.0,0.0,0.0,0.0,535.0
760,2018,Kiribati,0.0,0.0,6862.0,698.0,0.0,0.0,0.0,778.0
761,2018,Kuwait,145295.0,0.0,0.0,0.0,0.0,0.0,-5083.0,0.0
762,2018,Kyrgyzstan,101.0,0.0,10438.0,0.0,0.0,0.0,0.0,0.0
763,2018,Lao People's Democratic Republic,129666.0,0.0,792508.0,48581.0,0.0,0.0,0.0,859.0
764,2018,Latvia,17331.0,0.0,20153.0,0.0,0.0,0.0,0.0,0.0
765,2018,Lebanon,42853.0,0.0,93525.0,15153.0,0.0,0.0,0.0,0.0
766,2018,Lesotho,0.0,0.0,1233.0,0.0,0.0,0.0,0.0,0.0
767,2018,Liberia,0.0,0.0,129817.0,11865.0,0.0,0.0,0.0,0.0
768,2018,Lithuania,13786.0,0.0,34333.0,0.0,0.0,5074.0,0.0,0.0
769,2018,Luxembourg,307.0,0.0,5443.0,303.0,0.0,0.0,0.0,0.0
770,2018,Madagascar,45.0,0.0,351357.0,32119.0,0.0,0.0,0.0,0.0
771,2018,Malawi,0.0,0.0,402573.0,39949.0,0.0,0.0,0.0,0.0
772,2018,Malaysia,24168.0,0.0,263237.0,60262.0,0.0,0.0,0.0,0.0
773,2018,Maldives,0.0,0.0,1946.0,234.0,0.0,0.0,0.0,161.0
774,2018,Mali,0.0,0.0,185665.0,15662.0,0.0,0.0,0.0,0.0
775,2018,Malta,0.0,0.0,8456.0,460.0,0.0,0.0,0.0,276.0
776,2018,Mauritania,0.0,0.0,8643.0,0.0,0.0,0.0,0.0,0.0
777,2018,Mauritius,0.0,0.0,6540.0,221.0,340.0,0.0,0.0,232.0
778,2018,Mexico,552398.0,0.0,1604361.0,197184.0,0.0,713.0,0.0,0.0
779,2018,Mongolia,0.0,0.0,2814.0,0.0,0.0,0.0,0.0,0.0
780,2018,Montenegro,59.0,0.0,12370.0,0.0,0.0,0.0,0.0,0.0
781,2018,Morocco,0.0,0.0,316400.0,26795.0,0.0,0.0,0.0,0.0
782,2018,Mozambique,114378.0,0.0,435146.0,28922.0,0.0,0.0,0.0,0.0
783,2018,Myanmar,122526.0,0.0,0.0,0.0,0.0,0.0,0.0,0.0
784,2018,Namibia,0.0,0.0,2952.0,0.0,0.0,0.0,0.0,0.0
785,2018,Nepal,0.0,0.0,262831.0,21306.0,0.0,0.0,0.0,61.0
786,2018,Netherlands,803836.0,0.0,232239.0,10733.0,0.0,26475.0,0.0,0.0
787,2018,New Caledonia,0.0,98.0,1574.0,129.0,0.0,0.0,155.0,11.0
788,2018,New Zealand,37.0,0.0,70827.0,8858.0,0.0,8856.0,0.0,0.0
789,2018,Nicaragua,136129.0,0.0,0.0,9115.0,0.0,0.0,-34625.0,0.0
790,2018,Niger,0.0,0.0,3360.0,0.0,0.0,0.0,0.0,0.0
791,2018,Nigeria,4.0,0.0,0.0,0.0,0.0,0.0,0.0,0.0
792,2018,North Macedonia,0.0,0.0,200.0,0.0,0.0,0.0,0.0,0.0
793,2018,Norway,0.0,0.0,80073.0,4214.0,0.0,0.0,0.0,0.0
794,2018,Oman,0.0,0.0,14612.0,3653.0,0.0,0.0,0.0,0.0
795,2018,Pakistan,65139.0,0.0,57691.0,12226.0,0.0,0.0,0.0,0.0
796,2018,Panama,298144.0,15038.0,51287.0,7046.0,0.0,0.0,0.0,0.0
797,2018,Papua New Guinea,0.0,107336.0,1160000.0,115839.0,0.0,0.0,0.0,0.0
798,2018,Paraguay,39710.0,3620.0,13592.0,18974.0,0.0,0.0,0.0,0.0
799,2018,Peru,231830.0,0.0,50164.0,18000.0,0.0,7.0,0.0,0.0
800,2018,Philippines,3387755.0,177257.0,2064781.0,514582.0,0.0,0.0,0.0,0.0
801,2018,Poland,75349.0,0.0,112338.0,45953.0,0.0,225895.0,0.0,0.0
802,2018,Portugal,14059.0,0.0,172023.0,21145.0,0.0,4225.0,0.0,0.0
803,2018,Republic of Korea,0.0,0.0,405793.0,21358.0,0.0,0.0,0.0,0.0
804,2018,Republic of Moldova,0.0,0.0,10065.0,0.0,0.0,3819.0,0.0,0.0
805,2018,Romania,274.0,0.0,149375.0,7876.0,0.0,0.0,0.0,0.0
806,2018,Russian Federation,79148.0,0.0,1477347.0,0.0,0.0,0.0,0.0,0.0
807,2018,Rwanda,4.0,0.0,813308.0,196689.0,0.0,0.0,0.0,0.0
808,2018,Saint Kitts and Nevis,0.0,0.0,498.0,0.0,0.0,0.0,0.0,0.0
809,2018,Saint Lucia,13543.0,2497.0,2337.0,627.0,0.0,0.0,0.0,140.0
810,2018,Saint Vincent and the Grenadines,3238.0,48114.0,3112.0,4980.0,0.0,0.0,0.0,20.0
811,2018,Samoa,34.0,3379.0,15004.0,1889.0,0.0,0.0,0.0,2253.0
812,2018,Sao Tome and Principe,0.0,0.0,5410.0,1049.0,0.0,0.0,0.0,-166.0
813,2018,Saudi Arabia,8151.0,0.0,145526.0,4753.0,0.0,0.0,0.0,0.0
814,2018,Senegal,0.0,0.0,28003.0,2558.0,0.0,0.0,0.0,0.0
815,2018,Serbia,719.0,0.0,75551.0,0.0,0.0,0.0,0.0,0.0
816,2018,Seychelles,0.0,0.0,1652.0,166.0,0.0,0.0,0.0,171.0
817,2018,Sierra Leone,0.0,0.0,0.0,0.0,0.0,0.0,0.0,0.0
818,2018,Slovakia,26596.0,0.0,47046.0,3986.0,0.0,2099.0,0.0,0.0
819,2018,Slovenia,42017.0,0.0,28480.0,7833.0,0.0,0.0,0.0,0.0
820,2018,Solomon Islands,0.0,0.0,287.0,26.0,0.0,0.0,0.0,0.0
821,2018,South Africa,11257.0,0.0,545520.0,37258.0,0.0,0.0,0.0,0.0
822,2018,Spain,105540.0,0.0,335630.0,97712.0,0.0,212749.0,0.0,0.0
823,2018,Sri Lanka,7833.0,0.0,0.0,0.0,0.0,0.0,0.0,0.0
824,2018,Sudan,5691.0,0.0,730000.0,81508.0,0.0,0.0,134134.0,0.0
825,2018,Suriname,40882.0,1103.0,5873.0,977.0,0.0,0.0,0.0,0.0
826,2018,Sweden,37286.0,0.0,71245.0,9554.0,0.0,73000.0,0.0,0.0
827,2018,Switzerland,21.0,0.0,93617.0,1321.0,0.0,0.0,0.0,0.0
828,2018,Tajikistan,0.0,0.0,1405.0,0.0,0.0,0.0,0.0,0.0
829,2018,Thailand,38728.0,0.0,611601.0,87547.0,0.0,308662.0,0.0,0.0
830,2018,Timor-Leste,0.0,0.0,518.0,47.0,0.0,0.0,0.0,0.0
831,2018,Togo,0.0,0.0,21455.0,5364.0,0.0,0.0,0.0,0.0
832,2018,Trinidad and Tobago,0.0,0.0,3405.0,258.0,0.0,0.0,0.0,49.0
833,2018,Tunisia,10.0,0.0,36791.0,2770.0,0.0,0.0,0.0,0.0
834,2018,Turkey,22.0,0.0,558247.0,43111.0,0.0,52935.0,0.0,0.0
835,2018,Uganda,547.0,0.0,509157.0,22704.0,0.0,0.0,0.0,0.0
836,2018,Ukraine,28.0,0.0,250895.0,0.0,0.0,0.0,0.0,0.0
837,2018,United Arab Emirates,6546.0,0.0,153160.0,8872.0,0.0,0.0,0.0,8871.0
838,2018,United Republic of Tanzania,9140.0,0.0,2353882.0,693819.0,0.0,338660.0,0.0,0.0
839,2018,United States of America,583691.0,0.0,3871238.0,239125.0,0.0,88451.0,0.0,0.0
840,2018,Uruguay,0.0,0.0,43429.0,7664.0,0.0,0.0,0.0,0.0
841,2018,Uzbekistan,0.0,0.0,23607.0,0.0,0.0,0.0,0.0,0.0
842,2018,Vanuatu,0.0,0.0,14605.0,504.0,0.0,0.0,0.0,1679.0
843,2018,Venezuela (Bolivarian Republic of),9.0,0.0,581534.0,68561.0,0.0,0.0,0.0,0.0
844,2018,Viet Nam,147688.0,0.0,1750628.0,188959.0,0.0,0.0,0.0,0.0
845,2018,Yemen,1081.0,0.0,105499.0,9742.0,0.0,0.0,0.0,0.0
846,2018,Zambia,225.0,0.0,1697.0,214.0,0.0,0.0,0.0,0.0
847,2018,Zimbabwe,3704.0,0.0,166695.0,9601.0,0.0,0.0,0.0,0.0
