Consumption,Year,Country,ValuePerCapita
Export Quantity,2014,Costa Rica,452.4601752933546
Export Quantity,2014,Ecuador,360.23072459639747
Export Quantity,2014,Belize,290.8768811940028
Export Quantity,2014,Suriname,131.20528920361915
Export Quantity,2014,Guatemala,129.59989670442656
Export Quantity,2014,Belgium,114.45212086915645
Export Quantity,2014,Honduras,70.97754371883717
Export Quantity,2014,Panama,65.60897093310429
Export Quantity,2014,Saint Lucia,62.257791337412435
Export Quantity,2014,Dominican Republic,49.18751085814303
Export Quantity,2014,Colombia,35.72529175685097
Export Quantity,2014,Philippines,30.98883482265607
Export Quantity,2014,Kuwait,20.985987576603133
Export Quantity,2014,Netherlands,18.1228765375817
Export Quantity,2014,Côte d'Ivoire,14.39997894706352
Export Quantity,2014,Slovenia,12.44505409463078
Export Quantity,2014,Cameroon,11.695252588049133
Export Quantity,2014,Nicaragua,10.546769565473614
Export Quantity,2014,Bolivia (Plurinational State of),10.377137588255826
Export Quantity,2014,Dominica,8.439886905515465
Export Quantity,2014,Latvia,8.409277565034978
Export Quantity,2014,Lao People's Democratic Republic,7.582198340513057
Export Quantity,2014,Mozambique,5.504715175176381
Export Quantity,2014,Peru,5.303257799538004
Export Quantity,2014,France,4.775012442838883
Export Quantity,2014,Germany,4.518469345197572
Export Quantity,2014,Lebanon,4.413639510075473
Export Quantity,2014,Czechia,4.230059491437342
Export Quantity,2014,Sweden,3.685977612573987
Export Quantity,2014,Paraguay,3.324027611688358
Export Quantity,2014,Mexico,3.208512819855791
Export Quantity,2014,Lithuania,2.922768246857309
Export Quantity,2014,Slovakia,2.900826297091916
Export Quantity,2014,Greece,2.8455930312312527
Export Quantity,2014,Austria,2.43105068306558
Export Quantity,2014,Eswatini,2.159773958879365
Export Quantity,2014,Spain,2.114843609893187
Export Quantity,2014,Ghana,1.7797585114573355
Export Quantity,2014,United States of America,1.761703239876716
Export Quantity,2014,"China, Hong Kong SAR",1.7157070237886332
Export Quantity,2014,Denmark,1.2379508558933046
Export Quantity,2014,Yemen,1.2372069954298972
Export Quantity,2014,Bulgaria,0.922346765948332
Export Quantity,2014,Italy,0.8384094838401737
Export Quantity,2014,Croatia,0.7475000693217606
Export Quantity,2014,Malaysia,0.6996107960844296
Export Quantity,2014,Portugal,0.5603642233071586
Export Quantity,2014,Poland,0.5177588095065264
Export Quantity,2014,Thailand,0.46039708382742484
Export Quantity,2014,Brazil,0.4116219120514958
Export Quantity,2014,Hungary,0.34829200761122575
Export Quantity,2014,United Arab Emirates,0.3301432509147313
Export Quantity,2014,Luxembourg,0.3029690971520905
Export Quantity,2014,Russian Federation,0.23584860500689606
Export Quantity,2014,Pakistan,0.22144336981992047
Export Quantity,2014,Saudi Arabia,0.19138583886463853
Export Quantity,2014,South Africa,0.13823655332344875
Export Quantity,2014,Viet Nam,0.13442898755204366
Export Quantity,2014,Ethiopia,0.12985468752790683
Export Quantity,2014,Ireland,0.10633579807610012
Export Quantity,2014,Finland,0.08239630425109999
Export Quantity,2014,Tunisia,0.06851546953660313
Export Quantity,2014,Belarus,0.05905589868764434
Export Quantity,2014,Samoa,0.052023722817604826
Export Quantity,2014,Estonia,0.04558324906763263
Export Quantity,2014,Myanmar,0.04475829145436445
Export Quantity,2014,India,0.0420623399939201
Export Quantity,2014,Cyprus,0.03297760907127242
Export Quantity,2014,Georgia,0.031967804208350784
Export Quantity,2014,Iceland,0.021303014072162438
Export Quantity,2014,Togo,0.013869437042352358
Export Quantity,2014,Romania,0.013725343792411313
Export Quantity,2014,Fiji,0.011541386836125003
Export Quantity,2014,Republic of Korea,0.010749309040737984
Export Quantity,2014,Gabon,0.010616832669692816
Export Quantity,2014,Central African Republic,0.008960230242076301
Export Quantity,2014,New Zealand,0.008757483817264591
Export Quantity,2014,Uganda,0.007314787547414047
Export Quantity,2014,Serbia,0.00663049190158462
Export Quantity,2014,Venezuela (Bolivarian Republic of),0.005458847231930076
Export Quantity,2014,Morocco,0.004386945176463115
Export Quantity,2014,Zimbabwe,0.0035328641002862356
Export Quantity,2014,Sudan,0.0025278020705700724
Export Quantity,2014,Jordan,0.002466693471402389
Export Quantity,2014,Kazakhstan,0.0019072257211466082
Export Quantity,2014,Australia,0.001864689169453035
Export Quantity,2014,Burkina Faso,0.001250993046810056
Export Quantity,2014,Canada,0.001149607767849217
Export Quantity,2014,United Republic of Tanzania,0.0010808525116100074
Export Quantity,2014,Madagascar,0.0010597757166977031
Export Quantity,2014,Switzerland,0.0008530340532412673
Export Quantity,2014,Senegal,0.0007054803121609285
Export Quantity,2014,Indonesia,0.0006545731956211671
Export Quantity,2014,Bangladesh,0.0004853822759167196
Export Quantity,2014,North Macedonia,0.00048128290771881524
Export Quantity,2014,Chile,0.000450476601428833
Export Quantity,2014,Nepal,0.000445997473721643
Export Quantity,2014,Namibia,0.00043986476797573356
Export Quantity,2014,Nigeria,0.00041948940758351023
Export Quantity,2014,Uruguay,0.0002940796761829869
Export Quantity,2014,Turkey,0.00012948459872632215
Export Quantity,2014,Ukraine,0.00011083640922841677
Export Quantity,2014,Japan,0.0001092310965639564
Export Quantity,2014,Sri Lanka,9.620698201006403e-05
Export Quantity,2014,Rwanda,9.022315705442686e-05
Export Quantity,2014,Kenya,2.141324734401322e-05
Export Quantity,2014,Botswana,0.0
Export Quantity,2014,El Salvador,0.0
Export Quantity,2014,Guyana,0.0
Export Quantity,2014,Mali,0.0
Export Quantity,2014,Mauritius,0.0
Export Quantity,2014,Montenegro,0.0
Export Quantity,2014,Norway,0.0
Export Quantity,2014,Republic of Moldova,0.0
Export Quantity,2014,Saint Kitts and Nevis,0.0
Export Quantity,2014,Zambia,0.0
Feed,2014,Saint Vincent and the Grenadines,487.2414299886101
Feed,2014,Costa Rica,37.35963081209245
Feed,2014,Dominica,25.446259020129126
Feed,2014,Samoa,17.771303714493808
Feed,2014,Guatemala,14.110446631520547
Feed,2014,Papua New Guinea,13.105385571655672
Feed,2014,Saint Lucia,7.548778230804174
Feed,2014,Grenada,5.105601469237833
Feed,2014,Colombia,3.683381939071072
Feed,2014,Bolivia (Plurinational State of),3.277629877204697
Feed,2014,Panama,3.229170912034442
Feed,2014,Philippines,1.6584001352977376
Feed,2014,Paraguay,1.0379536463538885
Feed,2014,Cuba,0.9472084722712458
Feed,2014,Suriname,0.9434678407599796
Feed,2014,El Salvador,0.5782253058081144
Feed,2014,Jamaica,0.23233675473551346
Feed,2014,New Caledonia,0.18675391809720165
Feed,2014,Honduras,0.0
Loss,2014,Dominica,158.93713690903206
Loss,2014,Guatemala,66.45783979363996
Loss,2014,Saint Vincent and the Grenadines,47.53462909211155
Loss,2014,Angola,25.859062801843073
Loss,2014,Rwanda,21.817673615744447
Loss,2014,Papua New Guinea,13.850094120439179
Loss,2014,Costa Rica,13.468351896300405
Loss,2014,United Republic of Tanzania,12.778218692211295
Loss,2014,Samoa,9.926126313599001
Loss,2014,Dominican Republic,9.193145779386931
Loss,2014,Haiti,6.552749467319531
Loss,2014,Sao Tome and Principe,5.620072856580849
Loss,2014,Kiribati,5.567389177873056
Loss,2014,Kenya,5.282605293273374
Loss,2014,Comoros,5.202860190415992
Loss,2014,Brazil,5.144228348831437
Loss,2014,Philippines,4.75518936395349
Loss,2014,India,4.588536180923289
Loss,2014,Guinea,4.408854117623848
Loss,2014,Grenada,4.205693296602387
Loss,2014,Bolivia (Plurinational State of),3.969264701116152
Loss,2014,Cameroon,3.942050060901109
Loss,2014,Lao People's Democratic Republic,3.8298053710652016
Loss,2014,Honduras,3.34986716101773
Loss,2014,Belize,3.110089821884392
Loss,2014,Saint Lucia,3.0901759325208764
Loss,2014,Slovenia,2.814526613939235
Loss,2014,Suriname,2.7834108712076024
Loss,2014,Paraguay,2.6615555909789856
Loss,2014,Liberia,2.5590043647127154
Loss,2014,Venezuela (Bolivarian Republic of),2.47765093021919
Loss,2014,Lebanon,2.3981615851408855
Loss,2014,Guyana,2.32783273139797
Loss,2014,Indonesia,2.25271169293026
Loss,2014,Bahamas,2.2502529510961216
Loss,2014,Ecuador,2.247892279708061
Loss,2014,Malawi,2.2081027407141387
Loss,2014,Panama,2.0667411544478256
Loss,2014,Uruguay,2.0523820600810656
Loss,2014,Sudan,2.050916411194087
Loss,2014,Malaysia,1.883709183427136
Loss,2014,Viet Nam,1.8336379946976382
Loss,2014,Vanuatu,1.83032195476869
Loss,2014,Seychelles,1.7619462075700003
Loss,2014,Spain,1.7344719016727697
Loss,2014,El Salvador,1.7335639456824044
Loss,2014,Thailand,1.710975192006727
Loss,2014,Cabo Verde,1.7017959542791874
Loss,2014,New Zealand,1.6181640723350648
Loss,2014,Cuba,1.5052743415552385
Loss,2014,Jamaica,1.5025370964931408
Loss,2014,Mexico,1.4964296870851472
Loss,2014,Portugal,1.472611838639676
Loss,2014,Congo,1.4633842555307037
Loss,2014,Colombia,1.391360267840205
Loss,2014,Côte d'Ivoire,1.3046815584400904
Loss,2014,Madagascar,1.2732145460406206
Loss,2014,Japan,1.2554866194637486
Loss,2014,Egypt,1.1888680641879712
Loss,2014,Mozambique,1.0937681654307325
Loss,2014,Antigua and Barbuda,1.0911605194356213
Loss,2014,Sweden,1.020827501716082
Loss,2014,Argentina,0.9623451727056843
Loss,2014,Cyprus,0.9468045130725846
Loss,2014,Gabon,0.9279111753311522
Loss,2014,Oman,0.9030965260456564
Loss,2014,Bosnia and Herzegovina,0.894860753808184
Loss,2014,Czechia,0.881494507088213
Loss,2014,"China, Hong Kong SAR",0.8775460890401627
Loss,2014,Morocco,0.8388424103421004
Loss,2014,Nicaragua,0.8225978855669153
Loss,2014,Norway,0.8222051394044146
Loss,2014,Cambodia,0.8205175342495528
Loss,2014,Poland,0.8017884495050615
Loss,2014,Trinidad and Tobago,0.7993616851043464
Loss,2014,Ireland,0.7921152437985913
Loss,2014,Finland,0.7842297135721361
Loss,2014,Denmark,0.7678049447062152
Loss,2014,United States of America,0.7197493865679203
Loss,2014,Austria,0.7150149067839942
Loss,2014,South Africa,0.7016146762778595
Loss,2014,Togo,0.6965539492381406
Loss,2014,Algeria,0.6772996433431488
Loss,2014,Zimbabwe,0.6772058872236179
Loss,2014,Mali,0.6743744158644988
Loss,2014,United Arab Emirates,0.6721160923454736
Loss,2014,Nepal,0.6481829951421211
Loss,2014,Uganda,0.6435658451437803
Loss,2014,Croatia,0.6394051205987145
Loss,2014,Germany,0.6389044027669857
Loss,2014,Malta,0.599735000813594
Loss,2014,Turkey,0.5945414835117808
Loss,2014,Chile,0.5922641117285582
Loss,2014,Bangladesh,0.4984681820754344
Loss,2014,Fiji,0.4858923858008626
Loss,2014,Peru,0.4785583907038437
Loss,2014,Eswatini,0.4739630801938226
Loss,2014,Slovakia,0.4687962233997286
Loss,2014,France,0.4645170737558524
Loss,2014,Ethiopia,0.4413713731518491
Loss,2014,Luxembourg,0.4165825085841245
Loss,2014,Guinea-Bissau,0.41360573801149
Loss,2014,Yemen,0.40552229040476645
Loss,2014,Israel,0.39634764310021525
Loss,2014,Maldives,0.3769958944227595
Loss,2014,Iraq,0.3590903845638037
Loss,2014,Republic of Korea,0.3548062373814177
Loss,2014,Jordan,0.3520644318274319
Loss,2014,New Caledonia,0.3137465824032988
Loss,2014,Canada,0.31134743059018793
Loss,2014,Barbados,0.28789607653822524
Loss,2014,Ghana,0.2691695121449519
Loss,2014,Netherlands,0.2652653834831127
Loss,2014,Bulgaria,0.26512466517832495
Loss,2014,Tunisia,0.23049399382366487
Loss,2014,Iceland,0.21911671617081366
Loss,2014,Australia,0.2158377713641888
Loss,2014,Mauritius,0.21155588216814555
Loss,2014,Senegal,0.2101625849927406
Loss,2014,Hungary,0.20224393882666492
Loss,2014,Saudi Arabia,0.19969852444655709
Loss,2014,Benin,0.1599130695056081
Loss,2014,Romania,0.15881470526346472
Loss,2014,Switzerland,0.14257854889889754
Loss,2014,Belarus,0.14090716221881386
Loss,2014,Iran (Islamic Republic of),0.13791898199577673
Loss,2014,Djibouti,0.0767769695796294
Loss,2014,French Polynesia,0.06624637025096335
Loss,2014,Pakistan,0.05504723043154674
Loss,2014,Solomon Islands,0.044287055064139574
Loss,2014,Timor-Leste,0.032358794311323956
Loss,2014,Greece,0.02597776378176436
Loss,2014,Zambia,0.018311934452625436
Loss,2014,Italy,0.00044694866655513917
Loss,2014,Central African Republic,0.0
Loss,2014,Kuwait,0.0
Processed,2014,Angola,64.64767556314872
Processed,2014,Ecuador,37.905677542240916
Processed,2014,Dominican Republic,15.787420235073018
Processed,2014,Sweden,7.635055096724284
Processed,2014,United Republic of Tanzania,6.389579717106071
Processed,2014,Thailand,6.19654818933859
Processed,2014,New Zealand,5.986397000386643
Processed,2014,Ireland,5.083802118589486
Processed,2014,Spain,4.360005093855484
Processed,2014,Poland,4.3289120462407285
Processed,2014,Guatemala,1.2119394309122302
Processed,2014,Cambodia,1.0876292824134541
Processed,2014,Indonesia,1.0761104944012512
Processed,2014,Australia,0.8632239475588379
Processed,2014,Netherlands,0.7564296072633818
Processed,2014,Albania,0.6560078058023545
Processed,2014,Republic of Moldova,0.6441782026691661
Processed,2014,Lithuania,0.5751307926170571
Processed,2014,Turkey,0.47571346726063496
Processed,2014,Portugal,0.30897780658200474
Processed,2014,Costa Rica,0.27151076346240866
Processed,2014,United States of America,0.26665543510559847
Processed,2014,Slovakia,0.2457265862535316
Processed,2014,Finland,0.1563698751787542
Processed,2014,Côte d'Ivoire,0.11215280758216561
Processed,2014,Israel,0.07359104969865866
Processed,2014,El Salvador,0.00746609598158829
Processed,2014,Mexico,0.003979888286779152
Processed,2014,Peru,9.969966472996744e-05
Processed,2014,Belgium,0.0
Processed,2014,Brazil,0.0
Processed,2014,Bulgaria,0.0
Processed,2014,France,0.0
Processed,2014,Italy,0.0
Processed,2014,Panama,0.0
Export Quantity,2015,Costa Rica,407.13663193960974
Export Quantity,2015,Ecuador,374.43521850636523
Export Quantity,2015,Belize,273.86777344940515
Export Quantity,2015,Guatemala,132.38645925146557
Export Quantity,2015,Suriname,113.87927087506439
Export Quantity,2015,Belgium,100.01381121128398
Export Quantity,2015,Saint Lucia,79.07620679837662
Export Quantity,2015,Honduras,75.88579886279939
Export Quantity,2015,Panama,67.5158561568758
Export Quantity,2015,Colombia,33.430044237384124
Export Quantity,2015,Saint Vincent and the Grenadines,28.73505291611307
Export Quantity,2015,Netherlands,26.002905099226073
Export Quantity,2015,Kuwait,22.259690039701866
Export Quantity,2015,Slovenia,18.719591888563098
Export Quantity,2015,Dominican Republic,13.452769125653166
Export Quantity,2015,Dominica,13.164734808570426
Export Quantity,2015,Côte d'Ivoire,13.140534538917088
Export Quantity,2015,Nicaragua,12.393074083346376
Export Quantity,2015,Cameroon,12.12586662692713
Export Quantity,2015,Philippines,11.978205835589964
Export Quantity,2015,Bolivia (Plurinational State of),11.394945155961526
Export Quantity,2015,Lao People's Democratic Republic,11.154756748096768
Export Quantity,2015,Latvia,10.990276196077941
Export Quantity,2015,Peru,6.274609880646479
Export Quantity,2015,Czechia,5.585871286689764
Export Quantity,2015,Eswatini,5.269746150041937
Export Quantity,2015,Paraguay,4.887911725157451
Export Quantity,2015,Lithuania,4.864127765468615
Export Quantity,2015,Germany,4.525659823123635
Export Quantity,2015,France,4.447289299580715
Export Quantity,2015,Mozambique,4.394978019562975
Export Quantity,2015,Sweden,3.851633019281514
Export Quantity,2015,Mexico,3.4203756953642808
Export Quantity,2015,Slovakia,3.1381919319510176
Export Quantity,2015,Lebanon,3.031067948978375
Export Quantity,2015,Austria,2.47768464903654
Export Quantity,2015,Greece,2.168627612482372
Export Quantity,2015,Ghana,1.8358155527826059
Export Quantity,2015,United States of America,1.7698796670309087
Export Quantity,2015,Spain,1.5718659436309015
Export Quantity,2015,Denmark,1.3874886946830514
Export Quantity,2015,Bulgaria,0.9678128609939888
Export Quantity,2015,Yemen,0.9450189620822887
Export Quantity,2015,"China, Hong Kong SAR",0.9436414624452686
Export Quantity,2015,Croatia,0.8407998915157882
Export Quantity,2015,Malaysia,0.7368446958991892
Export Quantity,2015,Portugal,0.6248826958513923
Export Quantity,2015,Poland,0.5812945212603561
Export Quantity,2015,Italy,0.5232385376928104
Export Quantity,2015,Thailand,0.49244323459500605
Export Quantity,2015,Ireland,0.4393412460611896
Export Quantity,2015,Brazil,0.3925970040684201
Export Quantity,2015,United Arab Emirates,0.36737970500802336
Export Quantity,2015,Finland,0.3668952814092281
Export Quantity,2015,Luxembourg,0.3370146151416608
Export Quantity,2015,Pakistan,0.26820848032512434
Export Quantity,2015,Cyprus,0.2420354405346485
Export Quantity,2015,Myanmar,0.2171951926856586
Export Quantity,2015,Saudi Arabia,0.21628318543893318
Export Quantity,2015,Russian Federation,0.18859184655709937
Export Quantity,2015,South Africa,0.14369961677755044
Export Quantity,2015,Viet Nam,0.12492840462974439
Export Quantity,2015,Ethiopia,0.1146422181492059
Export Quantity,2015,Hungary,0.110964238322548
Export Quantity,2015,India,0.06120585703590426
Export Quantity,2015,Georgia,0.04448111167989503
Export Quantity,2015,Samoa,0.03617384114516046
Export Quantity,2015,Uganda,0.026762276972196034
Export Quantity,2015,Iceland,0.018168769701759648
Export Quantity,2015,Trinidad and Tobago,0.01751400390562287
Export Quantity,2015,Serbia,0.014644955032665573
Export Quantity,2015,Fiji,0.013814826071339763
Export Quantity,2015,Belarus,0.010381989409523291
Export Quantity,2015,Indonesia,0.009776175241881095
Export Quantity,2015,Republic of Korea,0.007417888645764473
Export Quantity,2015,Lesotho,0.00631371080581891
Export Quantity,2015,Venezuela (Bolivarian Republic of),0.00571773782224065
Export Quantity,2015,Kyrgyzstan,0.005369914984177209
Export Quantity,2015,Madagascar,0.004415269735843077
Export Quantity,2015,United Republic of Tanzania,0.004001348959624019
Export Quantity,2015,New Zealand,0.0028171901475492504
Export Quantity,2015,Jordan,0.002589954236587787
Export Quantity,2015,Kazakhstan,0.002390164813245611
Export Quantity,2015,Tunisia,0.001788916606164016
Export Quantity,2015,Canada,0.001665432950946227
Export Quantity,2015,Estonia,0.0015205309694145196
Export Quantity,2015,Cuba,0.001501133311499202
Export Quantity,2015,Sri Lanka,0.0010043990766415805
Export Quantity,2015,Romania,0.0009535671995367469
Export Quantity,2015,Rwanda,0.00043978986488423937
Export Quantity,2015,Jamaica,0.0003458982007759188
Export Quantity,2015,Australia,0.00020892093216007238
Export Quantity,2015,Congo,0.00020592686342703898
Export Quantity,2015,Nigeria,0.00017114075148698954
Export Quantity,2015,Burkina Faso,0.00016564870018777935
Export Quantity,2015,Ukraine,0.0001558269160099156
Export Quantity,2015,Turkey,0.0001528089863603081
Export Quantity,2015,Zambia,6.297479056159028e-05
Export Quantity,2015,Afghanistan,5.8116553503566606e-05
Export Quantity,2015,Nepal,3.701642711300778e-05
Export Quantity,2015,Kenya,2.0886271764774458e-05
Export Quantity,2015,Botswana,0.0
Export Quantity,2015,Cambodia,0.0
Export Quantity,2015,Chile,0.0
Export Quantity,2015,El Salvador,0.0
Export Quantity,2015,Gabon,0.0
Export Quantity,2015,Grenada,0.0
Export Quantity,2015,Namibia,0.0
Export Quantity,2015,North Macedonia,0.0
Export Quantity,2015,Norway,0.0
Export Quantity,2015,Seychelles,0.0
Export Quantity,2015,Switzerland,0.0
Export Quantity,2015,Zimbabwe,0.0
Feed,2015,Saint Vincent and the Grenadines,435.6805790992807
Feed,2015,Costa Rica,44.589252249213814
Feed,2015,Dominica,26.217070600632244
Feed,2015,Guatemala,22.782446311858077
Feed,2015,Samoa,16.794997674538784
Feed,2015,Papua New Guinea,13.914920153156748
Feed,2015,Saint Lucia,7.385656307395148
Feed,2015,Colombia,4.12452123199365
Feed,2015,Grenada,3.403191518480334
Feed,2015,Panama,3.3231783373524943
Feed,2015,Philippines,3.251714572549999
Feed,2015,Bolivia (Plurinational State of),3.156287569923527
Feed,2015,Suriname,1.4093172323012648
Feed,2015,Cuba,1.209913449068357
Feed,2015,El Salvador,0.6116879028875495
Feed,2015,Paraguay,0.5624372640252747
Feed,2015,New Caledonia,0.39843283086526327
Feed,2015,Jamaica,0.2573482613772836
Feed,2015,Honduras,0.0
Loss,2015,Dominica,165.73234984193888
Loss,2015,Guatemala,72.17169130145194
Loss,2015,Saint Vincent and the Grenadines,45.07261648417098
Loss,2015,Angola,25.787340439342742
Loss,2015,Rwanda,21.95571738258886
Loss,2015,United Republic of Tanzania,13.925218828141634
Loss,2015,Papua New Guinea,12.948193412444258
Loss,2015,Costa Rica,12.419435187677722
Loss,2015,Samoa,9.37936023978089
Loss,2015,Dominican Republic,9.205017664923274
Loss,2015,Haiti,6.504767407723219
Loss,2015,Lao People's Democratic Republic,5.854185333088074
Loss,2015,Kiribati,5.751530285683377
Loss,2015,Sao Tome and Principe,5.515470895862895
Loss,2015,Brazil,5.031922281257433
Loss,2015,Comoros,4.989484651449961
Loss,2015,Philippines,4.789801624679183
Loss,2015,Saint Lucia,4.532995405597022
Loss,2015,Guinea,4.525154442369972
Loss,2015,Honduras,4.492640326288964
Loss,2015,India,4.460702461549984
Loss,2015,Kenya,4.044793617422692
Loss,2015,Bolivia (Plurinational State of),4.032574124182639
Loss,2015,Cameroon,3.89224553677046
Loss,2015,Grenada,3.5035537348430243
Loss,2015,Slovenia,3.479627017973647
Loss,2015,Indonesia,3.07791228128996
Loss,2015,Belize,2.9313488083429844
Loss,2015,Venezuela (Bolivarian Republic of),2.7406580059116754
Loss,2015,Paraguay,2.6273983195056294
Loss,2015,Liberia,2.54839365336614
Loss,2015,Suriname,2.468093630172266
Loss,2015,Ecuador,2.355289179844439
Loss,2015,Guyana,2.3155115821185692
Loss,2015,Malawi,2.306437535774953
Loss,2015,Lebanon,2.302423767515971
Loss,2015,Uruguay,2.266697108129424
Loss,2015,Bahamas,2.169962586851951
Loss,2015,Panama,2.1270054857137097
Loss,2015,Sudan,2.004346817110107
Loss,2015,Malaysia,1.9208505576218002
Loss,2015,Viet Nam,1.8982902374936665
Loss,2015,El Salvador,1.8337989107243955
Loss,2015,New Zealand,1.8300900612348785
Loss,2015,Vanuatu,1.8072644654923138
Loss,2015,Seychelles,1.7477179646455605
Loss,2015,Cuba,1.7339855787005785
Loss,2015,Spain,1.7125286834681042
Loss,2015,Portugal,1.6729765769776588
Loss,2015,Cabo Verde,1.6446240042687807
Loss,2015,Jamaica,1.5876727415614673
Loss,2015,Zimbabwe,1.5807141437324255
Loss,2015,Colombia,1.561867807958167
Loss,2015,Mexico,1.5546095438379468
Loss,2015,Antigua and Barbuda,1.4534417714890298
Loss,2015,Congo,1.430985773954494
Loss,2015,Côte d'Ivoire,1.311539046423023
Loss,2015,Madagascar,1.283853152255006
Loss,2015,Japan,1.2739525953868753
Loss,2015,Thailand,1.258453107995997
Loss,2015,Mozambique,1.2388506309130007
Loss,2015,Egypt,1.1905772957428944
Loss,2015,Bosnia and Herzegovina,1.1696053085092795
Loss,2015,Nicaragua,1.054757060396572
Loss,2015,Sweden,1.0536665373265133
Loss,2015,Czechia,1.0043022660236063
Loss,2015,Argentina,0.9780288598953985
Loss,2015,Finland,0.9291882984670308
Loss,2015,Gabon,0.9267388547458785
Loss,2015,Cyprus,0.9242136216856863
Loss,2015,Trinidad and Tobago,0.9092687027669206
Loss,2015,"China, Hong Kong SAR",0.8570841715381816
Loss,2015,Ireland,0.84730097454658
Loss,2015,Cambodia,0.8420613171398135
Loss,2015,Poland,0.8387215716769352
Loss,2015,Norway,0.813680916692036
Loss,2015,Morocco,0.8092348609527318
Loss,2015,United Arab Emirates,0.7959713679177656
Loss,2015,Oman,0.7770646873544909
Loss,2015,Denmark,0.765026073642549
Loss,2015,Malta,0.7449966440553649
Loss,2015,Austria,0.7373252136532028
Loss,2015,Mali,0.7365770938458281
Loss,2015,Nepal,0.7264103656656647
Loss,2015,United States of America,0.7226976437098684
Loss,2015,Togo,0.6723871464266392
Loss,2015,New Caledonia,0.6677439109871542
Loss,2015,Chile,0.6654106023610418
Loss,2015,Croatia,0.6612528508998851
Loss,2015,South Africa,0.6581402727447253
Loss,2015,Germany,0.6363204234451193
Loss,2015,Turkey,0.6227602898292389
Loss,2015,Uganda,0.6193779761424373
Loss,2015,Algeria,0.6191599782722623
Loss,2015,Slovakia,0.6034276900456875
Loss,2015,Peru,0.531657601084109
Loss,2015,Fiji,0.5088460936276813
Loss,2015,Bangladesh,0.4975351807764382
Loss,2015,Eswatini,0.493642428974365
Loss,2015,France,0.4497837609102816
Loss,2015,Ethiopia,0.4355710089386914
Loss,2015,Jordan,0.42324168816238755
Loss,2015,Luxembourg,0.4023001688602025
Loss,2015,Netherlands,0.3999175369330399
Loss,2015,Guinea-Bissau,0.38970600509898934
Loss,2015,Yemen,0.3768225844172219
Loss,2015,Tunisia,0.37647749976721717
Loss,2015,Maldives,0.36710235341185365
Loss,2015,Republic of Korea,0.3575737144813734
Loss,2015,Israel,0.35056732496951803
Loss,2015,Canada,0.3121021350073229
Loss,2015,Barbados,0.29089430723345494
Loss,2015,Ghana,0.2631314081052876
Loss,2015,Iraq,0.24600623592495605
Loss,2015,Bulgaria,0.23042501957362618
Loss,2015,Iceland,0.22105336470474238
Loss,2015,Saudi Arabia,0.2192468325863471
Loss,2015,Hungary,0.21098545959393228
Loss,2015,Australia,0.21080122054951303
Loss,2015,Senegal,0.20969307436661647
Loss,2015,Romania,0.2065225803207218
Loss,2015,Mauritius,0.19055831203447202
Loss,2015,Benin,0.15809436531636556
Loss,2015,Belarus,0.1524457424520818
Loss,2015,Switzerland,0.1462013854780924
Loss,2015,Iran (Islamic Republic of),0.13861248494882447
Loss,2015,Djibouti,0.07549250654815437
Loss,2015,French Polynesia,0.062243930301443685
Loss,2015,Pakistan,0.0535835294038715
Loss,2015,Solomon Islands,0.04310823649178539
Loss,2015,Timor-Leste,0.036780256358386824
Loss,2015,Greece,0.025141333224262475
Loss,2015,Zambia,0.02166332795318706
Loss,2015,Italy,0.000445702764227084
Loss,2015,Kuwait,0.0
Loss,2015,Central African Republic,0.0
Processed,2015,Angola,64.46838696072855
Processed,2015,Ecuador,45.02455029977137
Processed,2015,Dominican Republic,33.515453464537636
Processed,2015,Sweden,8.294974198021924
Processed,2015,United Republic of Tanzania,6.96273567022731
Processed,2015,New Zealand,5.206600806539869
Processed,2015,Poland,4.614309547049335
Processed,2015,Ireland,4.518078763310277
Processed,2015,Thailand,4.510123981221494
Processed,2015,Spain,3.5309240230726315
Processed,2015,Guatemala,1.4964536061541587
Processed,2015,Indonesia,1.469746934879763
Processed,2015,Netherlands,1.3439212888608976
Processed,2015,Cambodia,1.1161339141645086
Processed,2015,Australia,0.8432048821980521
Processed,2015,Albania,0.7694106674084006
Processed,2015,Republic of Moldova,0.692263379439188
Processed,2015,Lithuania,0.5941596358913349
Processed,2015,Turkey,0.5043842617287869
Processed,2015,Slovakia,0.35708937389593887
Processed,2015,Portugal,0.345378134564568
Processed,2015,Costa Rica,0.3094183862593483
Processed,2015,United States of America,0.2657269027269129
Processed,2015,Finland,0.18262664181533433
Processed,2015,Côte d'Ivoire,0.16825863677438035
Processed,2015,Israel,0.05715362895463005
Processed,2015,El Salvador,0.010434582990586267
Processed,2015,Mexico,0.005030434910804686
Processed,2015,Peru,0.0001312734817491627
Processed,2015,Belgium,0.0
Processed,2015,Brazil,0.0
Processed,2015,Bulgaria,0.0
Processed,2015,France,0.0
Processed,2015,Italy,0.0
Processed,2015,Panama,0.0
Export Quantity,2016,Costa Rica,482.7184745034838
Export Quantity,2016,Ecuador,362.27784705413507
Export Quantity,2016,Belize,191.81648158654068
Export Quantity,2016,Guatemala,134.97933646700955
Export Quantity,2016,Belgium,99.51994850986054
Export Quantity,2016,Suriname,89.23971866740546
Export Quantity,2016,Saint Lucia,84.56462328082299
Export Quantity,2016,Honduras,71.09304769364954
Export Quantity,2016,Panama,61.83316477061475
Export Quantity,2016,Lao People's Democratic Republic,40.25914685806637
Export Quantity,2016,Saint Vincent and the Grenadines,40.23130258434048
Export Quantity,2016,Colombia,38.23385915463956
Export Quantity,2016,Dominican Republic,36.80579372167292
Export Quantity,2016,Netherlands,29.772658547336082
Export Quantity,2016,Slovenia,18.071019981149405
Export Quantity,2016,Nicaragua,16.487546736421653
Export Quantity,2016,Côte d'Ivoire,15.276673206920147
Export Quantity,2016,Philippines,13.480605941830502
Export Quantity,2016,Cameroon,12.336171004017338
Export Quantity,2016,Bolivia (Plurinational State of),10.831664977915706
Export Quantity,2016,Kuwait,10.47218730397977
Export Quantity,2016,Eswatini,7.863597110935967
Export Quantity,2016,Dominica,7.2924116846873375
Export Quantity,2016,Peru,6.544906046154767
Export Quantity,2016,Paraguay,5.952452965367626
Export Quantity,2016,Czechia,5.786115808201025
Export Quantity,2016,Latvia,5.452155612341808
Export Quantity,2016,Lithuania,5.132278153556517
Export Quantity,2016,Lebanon,4.821365087341444
Export Quantity,2016,Germany,4.342056581660629
Export Quantity,2016,Mozambique,4.1751452482992235
Export Quantity,2016,France,3.916444079638657
Export Quantity,2016,Slovakia,3.83076004579933
Export Quantity,2016,Mexico,3.6349527081391324
Export Quantity,2016,Sweden,2.9372703526015598
Export Quantity,2016,Greece,2.2664705827492564
Export Quantity,2016,Myanmar,2.061261001207668
Export Quantity,2016,Ghana,2.060498181532323
Export Quantity,2016,Spain,1.943254823382471
Export Quantity,2016,Austria,1.9152182397643343
Export Quantity,2016,United States of America,1.7753021961835254
Export Quantity,2016,Yemen,1.5405873261433125
Export Quantity,2016,Denmark,1.2280817866751552
Export Quantity,2016,Finland,1.0487995555971081
Export Quantity,2016,Poland,0.9726707193604248
Export Quantity,2016,Malaysia,0.8180637016838255
Export Quantity,2016,Italy,0.7353568072092892
Export Quantity,2016,Ireland,0.6307777818002934
Export Quantity,2016,Luxembourg,0.3797909768569189
Export Quantity,2016,Thailand,0.35904782615926134
Export Quantity,2016,"China, Hong Kong SAR",0.35369441547994274
Export Quantity,2016,United Republic of Tanzania,0.3520691939907668
Export Quantity,2016,Viet Nam,0.3505323314655683
Export Quantity,2016,Croatia,0.34643258785380737
Export Quantity,2016,Georgia,0.33869121248216577
Export Quantity,2016,Hungary,0.33087356979463695
Export Quantity,2016,Portugal,0.3267625712553532
Export Quantity,2016,United Arab Emirates,0.31545859272137783
Export Quantity,2016,Brazil,0.308333613370574
Export Quantity,2016,Bulgaria,0.29893953367669895
Export Quantity,2016,Cyprus,0.2956787322389802
Export Quantity,2016,Russian Federation,0.261854428266693
Export Quantity,2016,Pakistan,0.24681365869802485
Export Quantity,2016,Saudi Arabia,0.2455041531812761
Export Quantity,2016,South Africa,0.1445176972265821
Export Quantity,2016,Ethiopia,0.13284305241501537
Export Quantity,2016,Estonia,0.08811195079099465
Export Quantity,2016,India,0.08441037668629835
Export Quantity,2016,Serbia,0.08414311196014711
Export Quantity,2016,Zimbabwe,0.0585160528563175
Export Quantity,2016,Indonesia,0.035307874302866374
Export Quantity,2016,Fiji,0.024071361269867468
Export Quantity,2016,Uganda,0.019243780948470228
Export Quantity,2016,Iceland,0.0180609194814108
Export Quantity,2016,Republic of Moldova,0.014756470281821529
Export Quantity,2016,Haiti,0.014206673520310376
Export Quantity,2016,Jamaica,0.013075304809441196
Export Quantity,2016,Norway,0.011807387234690866
Export Quantity,2016,Azerbaijan,0.010784671099885467
Export Quantity,2016,Grenada,0.009069225397458804
Export Quantity,2016,Australia,0.005687740569787959
Export Quantity,2016,Samoa,0.005140331037318803
Export Quantity,2016,Belarus,0.0034936761286003125
Export Quantity,2016,Kyrgyzstan,0.003127918533197176
Export Quantity,2016,Madagascar,0.0026913715832133935
Export Quantity,2016,Tunisia,0.0019462237155852358
Export Quantity,2016,New Zealand,0.0019316351398772121
Export Quantity,2016,Guinea,0.0014482340659750697
Export Quantity,2016,Switzerland,0.001431995431934572
Export Quantity,2016,Canada,0.0009619892750839115
Export Quantity,2016,Niger,0.0008658513009103128
Export Quantity,2016,Mauritius,0.0007924746606227267
Export Quantity,2016,Sri Lanka,0.0005708529070470221
Export Quantity,2016,Kenya,0.00046889464061784336
Export Quantity,2016,Angola,0.00038138187968705326
Export Quantity,2016,Bangladesh,0.0003291615253904662
Export Quantity,2016,Uruguay,0.0002920442189992871
Export Quantity,2016,Ukraine,0.00024600956825141857
Export Quantity,2016,Nigeria,0.00024198720668488694
Export Quantity,2016,Venezuela (Bolivarian Republic of),0.00023449605073476155
Export Quantity,2016,Turkey,0.00012526953619755948
Export Quantity,2016,Nepal,7.335834119184563e-05
Export Quantity,2016,Cambodia,6.342646240808712e-05
Export Quantity,2016,Zambia,6.111181084134524e-05
Export Quantity,2016,Kazakhstan,5.608241243208e-05
Export Quantity,2016,Chile,5.491768059349757e-05
Export Quantity,2016,Burkina Faso,5.362979886143937e-05
Export Quantity,2016,Botswana,0.0
Export Quantity,2016,El Salvador,0.0
Export Quantity,2016,French Polynesia,0.0
Export Quantity,2016,Gabon,0.0
Export Quantity,2016,Montenegro,0.0
Export Quantity,2016,Papua New Guinea,0.0
Export Quantity,2016,Republic of Korea,0.0
Export Quantity,2016,Romania,0.0
Export Quantity,2016,Saint Kitts and Nevis,0.0
Export Quantity,2016,Uzbekistan,0.0
Feed,2016,Saint Vincent and the Grenadines,415.79654142344265
Feed,2016,Costa Rica,47.769534483856596
Feed,2016,Dominica,30.16534141108166
Feed,2016,Guatemala,17.210495107693816
Feed,2016,Samoa,16.104657139919812
Feed,2016,Papua New Guinea,7.924788974929901
Feed,2016,Suriname,4.223883529863706
Feed,2016,Colombia,4.068496205753651
Feed,2016,Grenada,3.56420558120131
Feed,2016,Bolivia (Plurinational State of),3.326558387182099
Feed,2016,Philippines,3.1682029983616657
Feed,2016,Panama,3.0529544548736176
Feed,2016,Cuba,1.7851616411594844
Feed,2016,El Salvador,0.6367074844359082
Feed,2016,Paraguay,0.46533738140462244
Feed,2016,New Caledonia,0.44494693460738904
Feed,2016,Jamaica,0.29006531458839285
Feed,2016,Honduras,0.0
Feed,2016,Saint Lucia,0.0
Loss,2016,Dominica,173.27892072307066
Loss,2016,Guatemala,70.29695751916759
Loss,2016,Saint Vincent and the Grenadines,44.25991394666885
Loss,2016,Angola,26.70845040312411
Loss,2016,Rwanda,21.803815961310256
Loss,2016,Costa Rica,13.429779055774091
Loss,2016,Papua New Guinea,13.210842763201958
Loss,2016,United Republic of Tanzania,13.102942057727471
Loss,2016,Dominican Republic,9.183632055356654
Loss,2016,Samoa,8.985298653233269
Loss,2016,Haiti,6.129533866126641
Loss,2016,Kiribati,5.865154760106284
Loss,2016,Lao People's Democratic Republic,5.815203609545522
Loss,2016,Sao Tome and Principe,5.7179130109585135
Loss,2016,Comoros,4.961054403171455
Loss,2016,Brazil,4.82039323282053
Loss,2016,Philippines,4.709280804761454
Loss,2016,Guinea,4.524198031866943
Loss,2016,India,4.39933870245933
Loss,2016,Honduras,4.395632132479699
Loss,2016,Cameroon,4.156679678293765
Loss,2016,Bolivia (Plurinational State of),4.07339784851496
Loss,2016,Kenya,3.942343817973796
Loss,2016,Saint Lucia,3.843846512764681
Loss,2016,Grenada,3.5188594542140157
Loss,2016,Slovenia,3.4914581731313925
Loss,2016,Guyana,3.0284055626209705
Loss,2016,Paraguay,2.650977193747069
Loss,2016,Liberia,2.513741642299579
Loss,2016,Venezuela (Bolivarian Republic of),2.410887397039903
Loss,2016,Malawi,2.257508215659485
Loss,2016,Indonesia,2.2436309392958194
Loss,2016,Lebanon,2.2358313570730806
Loss,2016,Cuba,2.2023610185275695
Loss,2016,Bahamas,2.16710811461594
Loss,2016,Suriname,2.1615095515354508
Loss,2016,Ecuador,2.1014951322881967
Loss,2016,Belize,2.052122834209648
Loss,2016,New Zealand,2.0492502572830693
Loss,2016,Uruguay,2.0145210226570827
Loss,2016,Sudan,1.957064586820436
Loss,2016,Panama,1.954138555334521
Loss,2016,Antigua and Barbuda,1.9149386373254338
Loss,2016,El Salvador,1.9088638271956695
Loss,2016,Spain,1.9025121321548806
Loss,2016,Viet Nam,1.8774047771136475
Loss,2016,Malaysia,1.8433645589332412
Loss,2016,Portugal,1.8309938269572341
Loss,2016,Vanuatu,1.7748970631561551
Loss,2016,Seychelles,1.7343878968979531
Loss,2016,Jamaica,1.6915315379792872
Loss,2016,Cabo Verde,1.64739993222126
Loss,2016,Zimbabwe,1.634885773956408
Loss,2016,Central African Republic,1.6323308613669134
Loss,2016,Mexico,1.6193669679641227
Loss,2016,Colombia,1.5347364054520507
Loss,2016,Nicaragua,1.4140295718412366
Loss,2016,Congo,1.3874735093142014
Loss,2016,Bosnia and Herzegovina,1.3274219988228912
Loss,2016,Thailand,1.3260005649015267
Loss,2016,Côte d'Ivoire,1.3201679774178654
Loss,2016,Japan,1.272697574334883
Loss,2016,Madagascar,1.256750020185287
Loss,2016,Czechia,1.2085092309274397
Loss,2016,Cyprus,1.0955495223421174
Loss,2016,Egypt,1.0765500605095526
Loss,2016,Sweden,1.0230781751489908
Loss,2016,Finland,1.0040536848588342
Loss,2016,Malta,0.9951868727055095
Loss,2016,Argentina,0.9783384881546827
Loss,2016,Mozambique,0.9298622023124025
Loss,2016,Gabon,0.9288394437521726
Loss,2016,United Arab Emirates,0.8780068315533371
Loss,2016,Ireland,0.8573637236758884
Loss,2016,Cambodia,0.8260028199405186
Loss,2016,"China, Hong Kong SAR",0.8244586452951671
Loss,2016,Mali,0.803319794752683
Loss,2016,Poland,0.8023329145653906
Loss,2016,Norway,0.7964273131528581
Loss,2016,Morocco,0.7958999579630905
Loss,2016,New Caledonia,0.7476567343812685
Loss,2016,Oman,0.7403079600742718
Loss,2016,Nepal,0.7255506735579492
Loss,2016,Austria,0.7220508805796892
Loss,2016,United States of America,0.712070007976571
Loss,2016,Croatia,0.7004686344259424
Loss,2016,Denmark,0.6863530943493881
Loss,2016,Chile,0.6824070990548008
Loss,2016,Togo,0.6777673146246475
Loss,2016,Germany,0.6341113201158677
Loss,2016,Slovakia,0.6258727258594771
Loss,2016,Trinidad and Tobago,0.6257427065041672
Loss,2016,Uganda,0.5882342110893461
Loss,2016,Peru,0.5432315994199839
Loss,2016,Bangladesh,0.5052312913276934
Loss,2016,Eswatini,0.49461666759426
Loss,2016,Maldives,0.4879023354118253
Loss,2016,Algeria,0.4861484676804484
Loss,2016,Ethiopia,0.47037038656459557
Loss,2016,South Africa,0.46200117709957944
Loss,2016,Luxembourg,0.45920181747245653
Loss,2016,Netherlands,0.4539114678306147
Loss,2016,France,0.4328288714640518
Loss,2016,Israel,0.41151887832063794
Loss,2016,Tunisia,0.404018350412626
Loss,2016,Guinea-Bissau,0.39833171943533396
Loss,2016,Fiji,0.3977505886020958
Loss,2016,Yemen,0.35983231872839616
Loss,2016,Jordan,0.3581638648874442
Loss,2016,Republic of Korea,0.3575474282377853
Loss,2016,Turkey,0.3311625458918682
Loss,2016,Canada,0.31325119337518115
Loss,2016,Australia,0.29230040667345075
Loss,2016,Iraq,0.2912815053288345
Loss,2016,Barbados,0.2904149084318295
Loss,2016,Romania,0.2596447413352408
Loss,2016,Ghana,0.25728578176204037
Loss,2016,Bulgaria,0.2469257326815016
Loss,2016,Iceland,0.2167310337769296
Loss,2016,Senegal,0.20668937248466238
Loss,2016,Hungary,0.193274458959681
Loss,2016,Mauritius,0.1846465959250953
Loss,2016,Saudi Arabia,0.18318031165804444
Loss,2016,Benin,0.15985913264739232
Loss,2016,Switzerland,0.1491661908265179
Loss,2016,Iran (Islamic Republic of),0.13695894163981795
Loss,2016,Belarus,0.13635923798900612
Loss,2016,Djibouti,0.09256100146698425
Loss,2016,Pakistan,0.059853257570017845
Loss,2016,French Polynesia,0.05827166249053086
Loss,2016,Solomon Islands,0.04197353084570207
Loss,2016,Timor-Leste,0.038547054881984504
Loss,2016,Greece,0.021667078184144352
Loss,2016,Zambia,0.003361149596273989
Loss,2016,Italy,0.0004285968523715286
Loss,2016,Kuwait,0.0
Processed,2016,Angola,64.46373096462364
Processed,2016,Dominican Republic,23.05453359182545
Processed,2016,Ecuador,10.190395847073054
Processed,2016,Sweden,8.946723582739859
Processed,2016,United Republic of Tanzania,6.516682588669381
Processed,2016,Thailand,4.830704034878965
Processed,2016,Ireland,4.396917238632903
Processed,2016,New Zealand,4.242085393297011
Processed,2016,Poland,4.142517490094163
Processed,2016,Spain,3.8513637147007205
Processed,2016,Netherlands,1.6008211392718514
Processed,2016,Guatemala,1.3665737225276442
Processed,2016,Australia,1.1687070405572997
Processed,2016,Cambodia,1.0948675940883998
Processed,2016,Indonesia,1.0702510624229222
Processed,2016,Albania,0.8453357732587728
Processed,2016,Republic of Moldova,0.7257723966942555
Processed,2016,Lithuania,0.6049374384637081
Processed,2016,Turkey,0.5230880023001491
Processed,2016,Portugal,0.38235288420750874
Processed,2016,Slovakia,0.3423373130581931
Processed,2016,Costa Rica,0.33616800317430773
Processed,2016,United States of America,0.2639250133473268
Processed,2016,Finland,0.19080657887987626
Processed,2016,Israel,0.0678260063159577
Processed,2016,Côte d'Ivoire,0.04331997941797257
Processed,2016,El Salvador,0.014474200288634434
Processed,2016,Mexico,0.004759457697173772
Processed,2016,Peru,0.00016167607125594757
Processed,2016,Belgium,0.0
Processed,2016,Brazil,0.0
Processed,2016,Bulgaria,0.0
Processed,2016,France,0.0
Processed,2016,Italy,0.0
Processed,2016,Panama,0.0
Export Quantity,2017,Costa Rica,510.14605183279446
Export Quantity,2017,Ecuador,382.19219181291123
Export Quantity,2017,Belize,225.22786241767017
Export Quantity,2017,Guatemala,138.51184798987927
Export Quantity,2017,Belgium,112.46662799682515
Export Quantity,2017,Saint Lucia,82.58959409798015
Export Quantity,2017,Suriname,80.81668568503824
Export Quantity,2017,Panama,70.13697402626497
Export Quantity,2017,Honduras,68.77896908860903
Export Quantity,2017,Netherlands,40.186076974067205
Export Quantity,2017,Colombia,38.53631183121336
Export Quantity,2017,Saint Vincent and the Grenadines,33.21617831843097
Export Quantity,2017,Lao People's Democratic Republic,30.632252322763986
Export Quantity,2017,Philippines,25.365702260946048
Export Quantity,2017,Slovenia,23.484934224942748
Export Quantity,2017,Nicaragua,17.664803974036634
Export Quantity,2017,Kuwait,17.02644558741373
Export Quantity,2017,Côte d'Ivoire,15.841939480244994
Export Quantity,2017,Dominican Republic,12.69900032445201
Export Quantity,2017,Cameroon,11.222307841669425
Export Quantity,2017,Bolivia (Plurinational State of),9.312549713643161
Export Quantity,2017,Latvia,8.054955750534186
Export Quantity,2017,Peru,6.453506882121939
Export Quantity,2017,Eswatini,6.095262480352202
Export Quantity,2017,Czechia,5.984100038417327
Export Quantity,2017,Paraguay,5.612738380832082
Export Quantity,2017,Lithuania,4.5452005486713905
Export Quantity,2017,Mexico,4.498373366327789
Export Quantity,2017,Myanmar,4.3701757734521385
Export Quantity,2017,Germany,4.151543734648945
Export Quantity,2017,Slovakia,4.046694663983555
Export Quantity,2017,France,3.8618799367014045
Export Quantity,2017,Greece,3.844382048676332
Export Quantity,2017,Lebanon,3.685822728863782
Export Quantity,2017,Mozambique,3.3852133164685254
Export Quantity,2017,Sweden,3.183779333349823
Export Quantity,2017,Ghana,3.0383087883219058
Export Quantity,2017,Spain,2.0716899164316143
Export Quantity,2017,Austria,1.9401576117285657
Export Quantity,2017,United States of America,1.8280463336887667
Export Quantity,2017,Denmark,1.7043837902460055
Export Quantity,2017,Poland,1.5307809812807234
Export Quantity,2017,Finland,1.3662659678932942
Export Quantity,2017,Portugal,1.2819133390037272
Export Quantity,2017,Italy,1.1045643602975614
Export Quantity,2017,Malaysia,0.8825367135562185
Export Quantity,2017,Ireland,0.8785510471608979
Export Quantity,2017,United Arab Emirates,0.5696092189839664
Export Quantity,2017,Sudan,0.5556753691520613
Export Quantity,2017,Viet Nam,0.5369096698423075
Export Quantity,2017,Georgia,0.439292013940599
Export Quantity,2017,Thailand,0.4220644016440616
Export Quantity,2017,Luxembourg,0.41897978422541116
Export Quantity,2017,Russian Federation,0.4106916967433217
Export Quantity,2017,Saudi Arabia,0.34146815840388545
Export Quantity,2017,"China, Hong Kong SAR",0.32875669882834235
Export Quantity,2017,Cambodia,0.2645943358447933
Export Quantity,2017,Pakistan,0.2209313516897836
Export Quantity,2017,Hungary,0.21819515300485456
Export Quantity,2017,Zimbabwe,0.21430680178601647
Export Quantity,2017,Brazil,0.1969506166765684
Export Quantity,2017,Croatia,0.18719307686845826
Export Quantity,2017,Bulgaria,0.1343198095530952
Export Quantity,2017,South Africa,0.12597844884465467
Export Quantity,2017,Ethiopia,0.10794180439561585
Export Quantity,2017,Samoa,0.08190092036159256
Export Quantity,2017,India,0.0671088058068123
Export Quantity,2017,Yemen,0.04444075442078626
Export Quantity,2017,Estonia,0.037138402700037675
Export Quantity,2017,Uganda,0.02866402238630999
Export Quantity,2017,Dominica,0.0279876854184159
Export Quantity,2017,Jordan,0.019007055091846994
Export Quantity,2017,Iceland,0.017942852016327997
Export Quantity,2017,United Republic of Tanzania,0.016447023889073514
Export Quantity,2017,Angola,0.01626601460406391
Export Quantity,2017,Cyprus,0.015258310481187776
Export Quantity,2017,Jamaica,0.014721752039133841
Export Quantity,2017,Serbia,0.013364103994021036
Export Quantity,2017,Indonesia,0.006559583010633149
Export Quantity,2017,Guyana,0.0064497986372865435
Export Quantity,2017,Australia,0.005165831530681847
Export Quantity,2017,Republic of Moldova,0.004680163766319916
Export Quantity,2017,Fiji,0.004558612358398104
Export Quantity,2017,Switzerland,0.004375696341811423
Export Quantity,2017,Belarus,0.00423269987099789
Export Quantity,2017,Norway,0.004153824426149155
Export Quantity,2017,Sri Lanka,0.0036444480289405147
Export Quantity,2017,Madagascar,0.002307345363571342
Export Quantity,2017,Kenya,0.0020708408366467783
Export Quantity,2017,Kyrgyzstan,0.0016155801378639155
Export Quantity,2017,New Zealand,0.0014887190189596872
Export Quantity,2017,Senegal,0.0014267783202850132
Export Quantity,2017,Rwanda,0.0010015891881785767
Export Quantity,2017,Canada,0.0009528452926897083
Export Quantity,2017,Egypt,0.0009331976671302586
Export Quantity,2017,Uruguay,0.0005819629318710545
Export Quantity,2017,Romania,0.0003052818957761502
Export Quantity,2017,Zambia,0.0002966723801811458
Export Quantity,2017,Bangladesh,0.00023170556064726786
Export Quantity,2017,Ukraine,0.0002247811912450064
Export Quantity,2017,Nepal,0.00010856709457301322
Export Quantity,2017,Turkey,9.862364417299272e-05
Export Quantity,2017,Nigeria,7.858618342674288e-05
Export Quantity,2017,Chile,5.414057654841372e-05
Export Quantity,2017,Venezuela (Bolivarian Republic of),3.4010736509301255e-05
Export Quantity,2017,Republic of Korea,1.957084732844626e-05
Export Quantity,2017,Albania,0.0
Export Quantity,2017,Botswana,0.0
Export Quantity,2017,El Salvador,0.0
Export Quantity,2017,Mauritius,0.0
Export Quantity,2017,Montenegro,0.0
Export Quantity,2017,Namibia,0.0
Export Quantity,2017,Tajikistan,0.0
Feed,2017,Saint Vincent and the Grenadines,430.3807841494728
Feed,2017,Costa Rica,44.588688179993554
Feed,2017,Dominica,34.25692695214106
Feed,2017,Guatemala,22.21285642743039
Feed,2017,Samoa,17.649648337923196
Feed,2017,Papua New Guinea,9.652717847442734
Feed,2017,Suriname,9.039423243780467
Feed,2017,Colombia,4.027819021463245
Feed,2017,Panama,3.632543774124834
Feed,2017,Grenada,3.4814293702761696
Feed,2017,Bolivia (Plurinational State of),3.376082934351054
Feed,2017,Saint Lucia,2.3652289243182003
Feed,2017,Philippines,2.0625936594458567
Feed,2017,Cuba,1.8313372439371018
Feed,2017,El Salvador,0.6250661383529813
Feed,2017,Paraguay,0.49133122219151193
Feed,2017,Jamaica,0.34510525710341655
Feed,2017,New Caledonia,0.2886429811047089
Feed,2017,Honduras,0.0
Loss,2017,Dominica,176.9101595298069
Loss,2017,Guatemala,74.50697987860346
Loss,2017,Saint Vincent and the Grenadines,44.952925536758144
Loss,2017,Angola,27.456227735473284
Loss,2017,Rwanda,16.37873759698722
Loss,2017,Costa Rica,14.03931954936964
Loss,2017,Papua New Guinea,13.3393568504906
Loss,2017,United Republic of Tanzania,12.584534546937089
Loss,2017,Samoa,9.863942096049303
Loss,2017,Dominican Republic,9.122418663704778
Loss,2017,Lao People's Democratic Republic,6.809548238746527
Loss,2017,Haiti,6.010817158086231
Loss,2017,Kiribati,5.94815729766191
Loss,2017,Sao Tome and Principe,5.331118472518664
Loss,2017,Comoros,4.823747680890538
Loss,2017,Philippines,4.8107059801068
Loss,2017,Brazil,4.752609446513338
Loss,2017,India,4.553302257587005
Loss,2017,Guinea,4.494462654949038
Loss,2017,Kenya,4.2874170971725745
Loss,2017,Cameroon,4.245082750313745
Loss,2017,Slovenia,3.9298880993259955
Loss,2017,Honduras,3.9101641146859865
Loss,2017,Bolivia (Plurinational State of),3.8820307923279254
Loss,2017,Grenada,3.4273138878366436
Loss,2017,Guyana,3.0185057622501024
Loss,2017,Paraguay,2.6311121880723882
Loss,2017,Liberia,2.4877589838340324
Loss,2017,Belize,2.424323065664294
Loss,2017,Panama,2.324944895786561
Loss,2017,Indonesia,2.26662310085855
Loss,2017,Uruguay,2.243467102362915
Loss,2017,Lebanon,2.2396487184378975
Loss,2017,Venezuela (Bolivarian Republic of),2.229573831867244
Loss,2017,Malawi,2.2294606516182367
Loss,2017,Antigua and Barbuda,2.2216400314383025
Loss,2017,Suriname,2.2050793951281418
Loss,2017,Cuba,2.182683077503769
Loss,2017,Bahamas,2.1532472907591114
Loss,2017,Saint Lucia,2.08339089828963
Loss,2017,Malaysia,2.045192271060393
Loss,2017,Spain,2.033209764526123
Loss,2017,Portugal,2.0090339462587794
Loss,2017,Ecuador,1.9863743134193876
Loss,2017,Viet Nam,1.9573228482178495
Loss,2017,Sudan,1.9210113306419623
Loss,2017,El Salvador,1.8742591721763697
Loss,2017,New Zealand,1.8657902790476195
Loss,2017,Jamaica,1.8583644201957787
Loss,2017,Vanuatu,1.7478169800945011
Loss,2017,Seychelles,1.7216702275508724
Loss,2017,Cabo Verde,1.6223285996811156
Loss,2017,Zimbabwe,1.545312893901135
Loss,2017,Colombia,1.5254597826973235
Loss,2017,Central African Republic,1.5176164262015224
Loss,2017,Mexico,1.4964177065310729
Loss,2017,Nicaragua,1.4810074421563693
Loss,2017,Bosnia and Herzegovina,1.4250191106520178
Loss,2017,Côte d'Ivoire,1.370804471411224
Loss,2017,Congo,1.3565653713649066
Loss,2017,Japan,1.3142228611767428
Loss,2017,Madagascar,1.2397875036599777
Loss,2017,Czechia,1.2148257800559195
Loss,2017,Thailand,1.210073998606296
Loss,2017,Egypt,1.1858142756224195
Loss,2017,Poland,1.1740255940635904
Loss,2017,Malta,1.1234543939169055
Loss,2017,Mozambique,1.1234246268989359
Loss,2017,Sweden,1.066644320813093
Loss,2017,Argentina,1.0556216638847
Loss,2017,Finland,1.033499462565764
Loss,2017,Ireland,0.9643864942973075
Loss,2017,United Arab Emirates,0.9635081181962318
Loss,2017,Cyprus,0.9383860945930482
Loss,2017,Gabon,0.9134003483125825
Loss,2017,"China, Hong Kong SAR",0.8741752853524657
Loss,2017,Mali,0.8650944724757621
Loss,2017,Cambodia,0.8150205132443019
Loss,2017,Norway,0.8141495875252344
Loss,2017,Oman,0.788482286260005
Loss,2017,Morocco,0.7852448832822291
Loss,2017,Nepal,0.750488135751716
Loss,2017,Iraq,0.7433802053956632
Loss,2017,United States of America,0.740963684307832
Loss,2017,Croatia,0.7346670820137576
Loss,2017,Austria,0.7286929038440563
Loss,2017,Chile,0.7220187288496454
Loss,2017,Denmark,0.7187370742900249
Loss,2017,Slovakia,0.6991681019283933
Loss,2017,Togo,0.6789655511038809
Loss,2017,Jordan,0.6464442500592693
Loss,2017,Germany,0.6424633699397723
Loss,2017,Uganda,0.5590213111662303
Loss,2017,Maldives,0.5560054633580312
Loss,2017,Peru,0.5438187698189741
Loss,2017,Netherlands,0.5337416677403187
Loss,2017,France,0.5160811703889391
Loss,2017,Bangladesh,0.5054375001459902
Loss,2017,Eswatini,0.5005298682086187
Loss,2017,South Africa,0.49242453277861187
Loss,2017,New Caledonia,0.48347699335038735
Loss,2017,Luxembourg,0.4781099957088361
Loss,2017,Republic of Korea,0.42799486022579125
Loss,2017,Ethiopia,0.4259025518495192
Loss,2017,Fiji,0.4159733777038269
Loss,2017,Guinea-Bissau,0.40259366593258966
Loss,2017,Turkey,0.393113845673549
Loss,2017,Israel,0.3749462174768121
Loss,2017,Yemen,0.35074784592573666
Loss,2017,Tunisia,0.350725652249131
Loss,2017,Romania,0.337336494832646
Loss,2017,Australia,0.33610445620491414
Loss,2017,Canada,0.31509232621687666
Loss,2017,Barbados,0.3004587236094176
Loss,2017,Bulgaria,0.2692028048904801
Loss,2017,Sri Lanka,0.2679852563618337
Loss,2017,Ghana,0.2534213252465604
Loss,2017,Algeria,0.23240376819310288
Loss,2017,Iceland,0.22428565020409996
Loss,2017,Mauritius,0.20561535535473788
Loss,2017,Hungary,0.19435093468308054
Loss,2017,Saudi Arabia,0.19256109366242288
Loss,2017,Trinidad and Tobago,0.1921881999335289
Loss,2017,Senegal,0.16291214275254334
Loss,2017,Benin,0.16080260634448162
Loss,2017,Belarus,0.15713898271079665
Loss,2017,Switzerland,0.1519667513304778
Loss,2017,Iran (Islamic Republic of),0.138570239728622
Loss,2017,Djibouti,0.09956572396991843
Loss,2017,Pakistan,0.05984910215043601
Loss,2017,French Polynesia,0.057948339055731816
Loss,2017,Solomon Islands,0.04087857490998852
Loss,2017,Timor-Leste,0.03780383829609253
Loss,2017,Greece,0.022328505487845207
Loss,2017,Zambia,0.007535478456601102
Loss,2017,Italy,0.0004285217906791698
Loss,2017,Kuwait,0.0
Processed,2017,Angola,65.65875732544998
Processed,2017,Dominican Republic,29.65420987184478
Processed,2017,Sweden,9.692177453673159
Processed,2017,Poland,5.975389253326257
Processed,2017,Ireland,5.29592085971774
Processed,2017,Spain,4.794069554750342
Processed,2017,United Republic of Tanzania,4.6340175862409945
Processed,2017,Thailand,4.336639121585887
Processed,2017,New Zealand,1.866215627338751
Processed,2017,Lithuania,1.7080085569120047
Processed,2017,Guatemala,1.4957157203683198
Processed,2017,Australia,1.3439703905925897
Processed,2017,Netherlands,1.2688188000206564
Processed,2017,Indonesia,1.0823954323023848
Processed,2017,Cambodia,1.0485706128013563
Processed,2017,Republic of Moldova,0.8372566653537575
Processed,2017,Turkey,0.573484162910431
Processed,2017,Albania,0.48540844867273725
Processed,2017,Portugal,0.4045282672631369
Processed,2017,Slovakia,0.3887734418178884
Processed,2017,Costa Rica,0.3185887548472663
Processed,2017,United States of America,0.2738055162832334
Processed,2017,Finland,0.19359970620745617
Processed,2017,Israel,0.06416905501301637
Processed,2017,Côte d'Ivoire,0.04403073558131518
Processed,2017,El Salvador,0.010957833630029725
Processed,2017,Mexico,0.0040071382840821575
Processed,2017,Peru,0.0001908136034452541
Processed,2017,Belgium,0.0
Processed,2017,Brazil,0.0
Processed,2017,Bulgaria,0.0
Processed,2017,Ecuador,0.0
Processed,2017,France,0.0
Processed,2017,Italy,0.0
Processed,2017,Panama,0.0
Export Quantity,2018,Costa Rica,496.9015548332084
Export Quantity,2018,Ecuador,383.6171436107143
Export Quantity,2018,Belize,236.96390486358928
Export Quantity,2018,Guatemala,136.91505407484004
Export Quantity,2018,Belgium,100.69185468264737
Export Quantity,2018,Saint Lucia,74.4570894496674
Export Quantity,2018,Panama,71.37979940950972
Export Quantity,2018,Suriname,70.97729636259152
Export Quantity,2018,Honduras,64.21011975668793
Export Quantity,2018,Netherlands,47.11938643200645
Export Quantity,2018,Colombia,35.20833306484663
Export Quantity,2018,Kuwait,35.118195041517275
Export Quantity,2018,Philippines,31.764751241788737
Export Quantity,2018,Saint Vincent and the Grenadines,29.380274022321025
Export Quantity,2018,Nicaragua,21.054668299538072
Export Quantity,2018,Slovenia,20.221518926421524
Export Quantity,2018,Lao People's Democratic Republic,18.362392795409697
Export Quantity,2018,Côte d'Ivoire,15.044341616290824
Export Quantity,2018,Dominican Republic,11.752542803821196
Export Quantity,2018,Bolivia (Plurinational State of),10.36594281405849
Export Quantity,2018,Eswatini,9.95974562473488
Export Quantity,2018,Latvia,8.986959031061556
Export Quantity,2018,Cameroon,8.406559560911905
Export Quantity,2018,Peru,7.247118681845301
Export Quantity,2018,Lebanon,6.247332131285965
Export Quantity,2018,Paraguay,5.708684028292416
Export Quantity,2018,Greece,5.551572459258691
Export Quantity,2018,Czechia,5.307491440535573
Export Quantity,2018,Lithuania,4.921339249697459
Export Quantity,2018,Slovakia,4.87730003409122
Export Quantity,2018,Mexico,4.377482976529934
Export Quantity,2018,Mozambique,3.8777449518678955
Export Quantity,2018,France,3.8395142971023213
Export Quantity,2018,Sweden,3.739208133474668
Export Quantity,2018,Ghana,3.1962795982733696
Export Quantity,2018,Dominica,3.1273559880490325
Export Quantity,2018,Germany,2.9767067347591376
Export Quantity,2018,Myanmar,2.2813226063046694
Export Quantity,2018,Spain,2.2603026077025947
Export Quantity,2018,Poland,1.986968635409095
Export Quantity,2018,United States of America,1.7844624534888065
Export Quantity,2018,Austria,1.6612713680200257
Export Quantity,2018,Viet Nam,1.5457273289810194
Export Quantity,2018,Denmark,1.4111291971618867
Export Quantity,2018,Portugal,1.3707816702339426
Export Quantity,2018,Italy,1.3566167751087543
Export Quantity,2018,Finland,1.3169557372136418
Export Quantity,2018,Malaysia,0.7665559091491689
Export Quantity,2018,Croatia,0.7506483364117132
Export Quantity,2018,Hungary,0.6907029223377961
Export Quantity,2018,United Arab Emirates,0.6796825988171903
Export Quantity,2018,Georgia,0.655517211573676
Export Quantity,2018,Thailand,0.5578116430476762
Export Quantity,2018,Russian Federation,0.5430989442040697
Export Quantity,2018,Luxembourg,0.5080728977035767
Export Quantity,2018,Ireland,0.39720305958419433
Export Quantity,2018,Sri Lanka,0.3689805716396059
Export Quantity,2018,Brazil,0.30963484294501936
Export Quantity,2018,Pakistan,0.3069289236315189
Export Quantity,2018,"China, Hong Kong SAR",0.26886504765232794
Export Quantity,2018,Zimbabwe,0.25653080045643645
Export Quantity,2018,Saudi Arabia,0.24184965046034657
Export Quantity,2018,South Africa,0.1947829926779452
Export Quantity,2018,Samoa,0.17335617555881874
Export Quantity,2018,United Republic of Tanzania,0.16230582523065007
Export Quantity,2018,Sudan,0.13614333560789113
Export Quantity,2018,Angola,0.12398657608376196
Export Quantity,2018,Bulgaria,0.11217296475556647
Export Quantity,2018,Montenegro,0.09397852511058405
Export Quantity,2018,Jamaica,0.09233852598409528
Export Quantity,2018,Ethiopia,0.09155462593022932
Export Quantity,2018,India,0.08583718064948291
Export Quantity,2018,Serbia,0.08167910426990865
Export Quantity,2018,Kazakhstan,0.07292729279915036
Export Quantity,2018,Indonesia,0.05660689999929727
Export Quantity,2018,Cyprus,0.03867944994458748
Export Quantity,2018,Guyana,0.03851056537361025
Export Quantity,2018,Yemen,0.03793157739955914
Export Quantity,2018,Jordan,0.025889780581099135
Export Quantity,2018,Estonia,0.018897690173125523
Export Quantity,2018,Iceland,0.017819382736582005
Export Quantity,2018,Kyrgyzstan,0.016021510066981017
Export Quantity,2018,Romania,0.014046880695330848
Export Quantity,2018,Zambia,0.012967018704895666
Export Quantity,2018,Uganda,0.012801600560480752
Export Quantity,2018,Bosnia and Herzegovina,0.012635648956400692
Export Quantity,2018,New Zealand,0.007800754396199473
Export Quantity,2018,Belarus,0.006135868222708743
Export Quantity,2018,Australia,0.0037753804468949968
Export Quantity,2018,Egypt,0.003220772188361893
Export Quantity,2018,Switzerland,0.0024631657027869196
Export Quantity,2018,Fiji,0.002263749448211072
Export Quantity,2018,Madagascar,0.0017134819770063666
Export Quantity,2018,Canada,0.0015104697944072591
Export Quantity,2018,Guinea,0.001369389410205592
Export Quantity,2018,Armenia,0.0013551324455634828
Export Quantity,2018,Tunisia,0.0008646627300878332
Export Quantity,2018,Ukraine,0.0006328233063761153
Export Quantity,2018,Botswana,0.0004436425359139724
Export Quantity,2018,Kenya,0.0003697032469868699
Export Quantity,2018,Rwanda,0.0003251512014052385
Export Quantity,2018,Venezuela (Bolivarian Republic of),0.0003115575708022368
Export Quantity,2018,Turkey,0.00026718455129208626
Export Quantity,2018,Bangladesh,0.00024786723720168964
Export Quantity,2018,Nigeria,2.0421219822255233e-05
Export Quantity,2018,Chile,0.0
Export Quantity,2018,Cuba,0.0
Export Quantity,2018,El Salvador,0.0
Export Quantity,2018,French Polynesia,0.0
Export Quantity,2018,Grenada,0.0
Export Quantity,2018,Haiti,0.0
Export Quantity,2018,Malawi,0.0
Export Quantity,2018,Namibia,0.0
Export Quantity,2018,Niger,0.0
Export Quantity,2018,Republic of Korea,0.0
Export Quantity,2018,Senegal,0.0
Export Quantity,2018,Togo,0.0
Export Quantity,2018,Uruguay,0.0
Feed,2018,Saint Vincent and the Grenadines,436.5665547590963
Feed,2018,Costa Rica,36.246837897741806
Feed,2018,Dominica,34.69410549241895
Feed,2018,Guatemala,18.854924278990055
Feed,2018,Samoa,17.228544623919074
Feed,2018,Saint Lucia,13.728077409423278
Feed,2018,Papua New Guinea,12.471759138977337
Feed,2018,Colombia,3.9467545756578355
Feed,2018,Panama,3.6003053005266152
Feed,2018,Bolivia (Plurinational State of),3.3791532562797606
Feed,2018,Grenada,3.319904171414728
Feed,2018,Suriname,1.9149737754497933
Feed,2018,Philippines,1.6620223454369476
Feed,2018,Cuba,1.6420674067876704
Feed,2018,El Salvador,0.6809183988138439
Feed,2018,Paraguay,0.5204088688596964
Feed,2018,Jamaica,0.3591321268901713
Feed,2018,New Caledonia,0.35001750087504374
Feed,2018,Honduras,0.0
Loss,2018,Dominica,180.47915561388322
Loss,2018,Guatemala,72.02843484015838
Loss,2018,Saint Vincent and the Grenadines,45.186462208511024
Loss,2018,Angola,26.829786262397725
Loss,2018,Rwanda,15.988416163298739
Loss,2018,Costa Rica,13.526306830580927
Loss,2018,Papua New Guinea,13.459753548669559
Loss,2018,United Republic of Tanzania,12.320663605656936
Loss,2018,Samoa,9.631465165606135
Loss,2018,Dominican Republic,9.265327749771412
Loss,2018,Lao People's Democratic Republic,6.8797017290099065
Loss,2018,Kiribati,6.025448455655116
Loss,2018,Haiti,5.897412638091093
Loss,2018,Sao Tome and Principe,4.970810114105918
Loss,2018,Brazil,4.8353238555412315
Loss,2018,Philippines,4.824897084795722
Loss,2018,Comoros,4.707312794807779
Loss,2018,India,4.555232434649538
Loss,2018,Guinea,4.461148489176829
Loss,2018,Kenya,4.134897320760569
Loss,2018,Bolivia (Plurinational State of),4.042229726754008
Loss,2018,Cameroon,3.9968653560494154
Loss,2018,Honduras,3.777409451846947
Loss,2018,Slovenia,3.7697874134436016
Loss,2018,Saint Lucia,3.447138380339766
Loss,2018,Grenada,3.319904171414728
Loss,2018,Guyana,3.236171176895715
Loss,2018,Paraguay,2.72769002147621
Loss,2018,Liberia,2.4621413345905854
Loss,2018,Venezuela (Bolivarian Republic of),2.3734109568635735
Loss,2018,Indonesia,2.2728723883627557
Loss,2018,Uruguay,2.2219065372873836
Loss,2018,Lebanon,2.20908276632619
Loss,2018,Malawi,2.201869955242221
Loss,2018,Belize,2.198025953413336
Loss,2018,Bahamas,2.118583634784187
Loss,2018,Spain,2.092653860184157
Loss,2018,Portugal,2.0616813725796086
Loss,2018,El Salvador,2.0416649794260477
Loss,2018,Ecuador,2.021029878850005
Loss,2018,Cuba,2.008529436823269
Loss,2018,Antigua and Barbuda,1.9941422072661554
Loss,2018,Viet Nam,1.977676523190269
Loss,2018,Sudan,1.9498806885833755
Loss,2018,Malaysia,1.9113783596965914
Loss,2018,Jamaica,1.8941323466626778
Loss,2018,New Zealand,1.8675427686901334
Loss,2018,Vanuatu,1.722046638763133
Loss,2018,Seychelles,1.7096833995921479
Loss,2018,Suriname,1.6962188382723917
Loss,2018,Panama,1.6869099047420222
Loss,2018,Central African Republic,1.6248158367040797
Loss,2018,Bosnia and Herzegovina,1.585773944028287
Loss,2018,Mexico,1.5625864019132556
Loss,2018,Colombia,1.494571520992224
Loss,2018,Cabo Verde,1.4638703555218808
Loss,2018,Nicaragua,1.4097899900116033
Loss,2018,Japan,1.3403700046359264
Loss,2018,Côte d'Ivoire,1.327284695586533
Loss,2018,Congo,1.3263765303812873
Loss,2018,Thailand,1.2609671533230453
Loss,2018,Madagascar,1.2230072804326109
Loss,2018,Poland,1.2117900662643717
Loss,2018,Czechia,1.2068617478549657
Loss,2018,Egypt,1.1812207401228823
Loss,2018,Malta,1.0472276923427166
Loss,2018,Finland,1.010758548759322
Loss,2018,Argentina,0.984735517451644
Loss,2018,Mozambique,0.9805394350130555
Loss,2018,Sweden,0.9581181812802922
Loss,2018,Cyprus,0.9552142421098127
Loss,2018,United Arab Emirates,0.9211952362826324
Loss,2018,Ireland,0.9168459337737569
Loss,2018,Gabon,0.9069139210343159
Loss,2018,"China, Hong Kong SAR",0.8641121864507209
Loss,2018,Denmark,0.8382980151182232
Loss,2018,Mali,0.8209561345137307
Loss,2018,Cambodia,0.8045024568002243
Loss,2018,Iraq,0.794903335112679
Loss,2018,Croatia,0.7929926015426304
Loss,2018,Norway,0.7894401606606269
Loss,2018,Nepal,0.758336361078872
Loss,2018,Oman,0.7563967602282319
Loss,2018,Morocco,0.7437046215628711
Loss,2018,United States of America,0.7310539038472597
Loss,2018,Slovakia,0.730971497063002
Loss,2018,Austria,0.7213725918678793
Loss,2018,Chile,0.7030745522785157
Loss,2018,Togo,0.6799258977107007
Loss,2018,Zimbabwe,0.6649439025869995
Loss,2018,South Africa,0.644685506013581
Loss,2018,Netherlands,0.629148700200943
Loss,2018,Germany,0.5663558791085839
Loss,2018,Peru,0.5626887644964647
Loss,2018,France,0.557604470018639
Loss,2018,Uganda,0.5313483347809049
Loss,2018,Turkey,0.523572417761506
Loss,2018,Eswatini,0.5051598470087321
Loss,2018,Bangladesh,0.5021480391659731
Loss,2018,Luxembourg,0.5014530553882206
Loss,2018,Fiji,0.46293676215916424
Loss,2018,New Caledonia,0.4607373225804148
Loss,2018,Maldives,0.45374866202317604
Loss,2018,Ethiopia,0.4210597246531247
Loss,2018,Republic of Korea,0.4173791372965917
Loss,2018,Guinea-Bissau,0.4060173803182408
Loss,2018,Romania,0.4037709210088531
Loss,2018,Israel,0.3951556683064275
Loss,2018,Jordan,0.35382700127502154
Loss,2018,Yemen,0.3418403580263692
Loss,2018,Bulgaria,0.31070918556187876
Loss,2018,Canada,0.3083516194582819
Loss,2018,Barbados,0.3070053028188669
Loss,2018,Australia,0.3004238908805806
Loss,2018,Ghana,0.2652256309212168
Loss,2018,Tunisia,0.2395115762343298
Loss,2018,Hungary,0.2278650058480544
Loss,2018,Iceland,0.2108626957162204
Loss,2018,Trinidad and Tobago,0.18563274504061975
Loss,2018,Mauritius,0.17440245457644668
Loss,2018,Benin,0.16160159720888967
Loss,2018,Senegal,0.1613439967544501
Loss,2018,Belarus,0.15572410385909086
Loss,2018,Switzerland,0.1549448520657867
Loss,2018,Algeria,0.14341054477180826
Loss,2018,Saudi Arabia,0.14102703823310359
Loss,2018,Djibouti,0.13348308466894632
Loss,2018,French Polynesia,0.05762173491841122
Loss,2018,Pakistan,0.05760777752681113
Loss,2018,Iran (Islamic Republic of),0.048105014505831795
Loss,2018,Solomon Islands,0.0398250150109672
Loss,2018,Timor-Leste,0.03706697687257241
Loss,2018,Greece,0.022903859670997936
Loss,2018,Zambia,0.012333075568211877
Loss,2018,Italy,0.000428849773281145
Loss,2018,Kuwait,0.0
Loss,2018,Sri Lanka,0.0
Processed,2018,Angola,64.10651264807511
Processed,2018,Dominican Republic,32.03992567337217
Processed,2018,Sweden,7.320769021714605
Processed,2018,United Republic of Tanzania,6.013839253021001
Processed,2018,Poland,5.95689763494854
Processed,2018,Ireland,4.948851286261381
Processed,2018,Spain,4.556349436101188
Processed,2018,Thailand,4.445756490559332
Processed,2018,New Zealand,1.8671211062903388
Processed,2018,Lithuania,1.8113212935561371
Processed,2018,Netherlands,1.551915758671384
Processed,2018,Guatemala,1.4153644032837707
Processed,2018,Australia,1.201414418169894
Processed,2018,Indonesia,1.0833653574641116
Processed,2018,Cambodia,1.0664134532158713
Processed,2018,Republic of Moldova,0.9425091622552105
Processed,2018,Albania,0.783630822812364
Processed,2018,Turkey,0.6428824646657539
Processed,2018,Portugal,0.4119462662165451
Processed,2018,Slovakia,0.3849245289350831
Processed,2018,Costa Rica,0.2724303487408497
Processed,2018,United States of America,0.2704127500227662
Processed,2018,Finland,0.18940405625264256
Processed,2018,Israel,0.06573996776474685
Processed,2018,Côte d'Ivoire,0.06418227670850309
Processed,2018,El Salvador,0.01308260418581036
Processed,2018,Mexico,0.005650174986632542
Processed,2018,Peru,0.0002188234084152918
Processed,2018,Belgium,0.0
Processed,2018,Brazil,0.0
Processed,2018,Bulgaria,0.0
Processed,2018,Ecuador,0.0
Processed,2018,France,0.0
Processed,2018,Italy,0.0
Processed,2018,Panama,0.0
